30000.0,1.083074732,7.714789832867021E-7,30000.0,99.7,99.39989918306276,99.36034115138592,99.3975903614458,30000.0,2772160.0
30000.0,1.132041618,8.05878025172986E-7,30000.0,99.7,99.39989918306276,99.36034115138592,99.3975903614458,30000.0,2772216.0
30000.0,1.102240403,7.84663129969411E-7,30000.0,99.7,99.39989918306276,99.36034115138592,99.3975903614458,30000.0,2772216.0
30000.0,1.034713247,7.365918839502315E-7,30000.0,99.7,99.39989918306276,99.36034115138592,99.3975903614458,30000.0,2772216.0
30000.0,1.187776982,8.455549278225293E-7,30000.0,99.7,99.39989918306276,99.36034115138592,99.3975903614458,30000.0,2772216.0
30000.0,1.040050006,7.408322782256619E-7,30000.0,99.7,99.39989918306276,99.36034115138592,99.3975903614458,30000.0,2772160.0
30000.0,1.067905755,7.606740530194715E-7,30000.0,99.7,99.39989918306276,99.36034115138592,99.3975903614458,30000.0,2772160.0
30000.0,1.080829901,7.698799801095783E-7,30000.0,99.7,99.39989918306276,99.36034115138592,99.3975903614458,30000.0,2772160.0
30000.0,1.068208716,7.604366454684983E-7,30000.0,99.7,99.39989918306276,99.36034115138592,99.3975903614458,30000.0,2772216.0
30000.0,1.052128397,7.494510126773206E-7,30000.0,99.7,99.39989918306276,99.36034115138592,99.3975903614458,30000.0,2772216.0
30000.0,1.103600386,7.860994985765138E-7,30000.0,99.8,99.5999215846306,99.57356076759062,99.59839357429718,30000.0,2772160.0
30000.0,1.350756088,1.0049072822706402E-6,30000.0,97.89999999999999,95.79741120530247,95.52238805970148,95.78313253012047,30000.0,2897232.0
30000.0,1.42651253,1.0618722018997288E-6,30000.0,98.6,97.19866656528508,97.01492537313433,97.18875502008032,30000.0,2897176.0
30000.0,1.443708374,1.0746725021759587E-6,30000.0,98.6,97.19866656528508,97.01492537313433,97.18875502008032,30000.0,2897176.0
30000.0,1.348220849,1.0030211681483128E-6,30000.0,98.8,97.59899157646211,97.44136460554371,97.59036144578313,30000.0,2897232.0
30000.0,1.411524927,1.0501168129836582E-6,30000.0,99.4,98.79963028612812,98.72068230277186,98.79518072289156,30000.0,2897232.0
30000.0,1.466046994,1.0906790008275584E-6,30000.0,99.5,98.99971992157805,98.93390191897655,98.99598393574297,30000.0,2897232.0
30000.0,1.351175466,1.0052192823496834E-6,30000.0,99.5,98.99971992157805,98.93390191897655,98.99598393574297,30000.0,2897232.0
30000.0,1.450351224,1.0790019899193942E-6,30000.0,99.4,98.79963028612812,98.72068230277186,98.79518072289156,30000.0,2897232.0
30000.0,1.537452515,1.1438017878982238E-6,30000.0,99.4,98.79963028612812,98.72068230277186,98.79518072289156,30000.0,2897232.0
30000.0,1.680268456,1.250788235255695E-6,30000.0,99.3,98.59952944189247,98.50746268656717,98.59437751004016,30000.0,2897232.0
30000.0,1.521158486,1.1323250774160937E-6,30000.0,86.6,73.09982374362124,71.42857142857143,73.09236947791165,30000.0,2897176.0
30000.0,1.817486018,1.3867972937315536E-6,30000.0,94.8,89.58395929731786,88.91257995735606,89.5582329317269,30000.0,2969256.0
30000.0,1.686443615,1.2867835094683596E-6,30000.0,95.89999999999999,91.78988513849062,91.25799573560766,91.76706827309236,30000.0,2969200.0
30000.0,1.884414541,1.4378384991906106E-6,30000.0,96.39999999999999,92.79212900487332,92.32409381663112,92.7710843373494,30000.0,2969200.0
30000.0,1.96132575,1.4965513986287018E-6,30000.0,97.0,93.99411423194731,93.60341151385927,93.97590361445782,30000.0,2969256.0
30000.0,1.43299274,1.0927884547521671E-6,30000.0,97.7,95.39639077036396,95.0959488272921,95.38152610441767,30000.0,2969256.0
30000.0,1.619953537,1.236050514215705E-6,30000.0,98.2,96.39768010598824,96.16204690831556,96.3855421686747,30000.0,2969200.0
30000.0,1.491206927,1.1371821140364307E-6,30000.0,98.9,97.7990139582533,97.6545842217484,97.79116465863453,30000.0,2969256.0
30000.0,1.560983447,1.1903931131855148E-6,30000.0,99.0,97.99915964705175,97.86780383795309,97.99196787148594,30000.0,2969256.0
30000.0,1.440532281,1.0991492200275201E-6,30000.0,99.1,98.19929412329633,98.08102345415777,98.19277108433735,30000.0,2969200.0
30000.0,1.80503982,1.3765084920555355E-6,30000.0,99.0,97.99915964705175,97.86780383795309,97.99196787148594,30000.0,2969256.0
30000.0,1.734328306,1.3225844741869968E-6,30000.0,81.8,63.41458511737484,61.194029850746254,63.45381526104417,30000.0,2969256.0
30000.0,1.477845134,1.1541739145937605E-6,30000.0,94.0,87.97879459366321,87.20682302771854,87.95180722891565,30000.0,3040352.0
30000.0,1.815816801,1.4181244957127484E-6,30000.0,94.89999999999999,89.78455424601998,89.12579957356076,89.7590361445783,30000.0,3040352.0
30000.0,1.828916017,1.4291572269770564E-6,30000.0,95.5,90.98788772109715,90.4051172707889,90.96385542168673,30000.0,3040352.0
30000.0,1.910296177,1.4927218891117889E-6,30000.0,96.0,91.98990728317679,91.47121535181236,91.96787148594376,30000.0,3040296.0
30000.0,1.884521697,1.4725814884034046E-6,30000.0,96.39999999999999,92.7917249001854,92.32409381663112,92.7710843373494,30000.0,3040296.0
30000.0,1.931289695,1.508307018245891E-6,30000.0,96.3,92.59128735392821,92.11087420042642,92.570281124498,30000.0,3040352.0
30000.0,1.987249594,1.5520108233355937E-6,30000.0,96.6,93.19256628238035,92.75053304904051,93.1726907630522,30000.0,3040352.0
30000.0,2.048328042,1.6005811775096756E-6,30000.0,96.8,93.59336272378184,93.17697228144989,93.57429718875501,30000.0,3040296.0
30000.0,2.001113368,1.5636872245113718E-6,30000.0,97.39999999999999,94.79548247879158,94.45628997867803,94.77911646586344,30000.0,3040296.0
30000.0,2.090714901,1.632815608395593E-6,30000.0,97.6,95.19609923257684,94.88272921108741,95.18072289156626,30000.0,3040352.0
30000.0,1.893416258,1.4795317749917344E-6,30000.0,83.7,67.25329476052715,65.24520255863538,67.26907630522088,30000.0,3040296.0
30000.0,1.950191574,1.5652546959298227E-6,30000.0,95.1,90.18515996186233,89.55223880597015,90.16064257028111,30000.0,3123968.0
30000.0,2.041200723,1.6391661012660466E-6,30000.0,95.5,90.98738233526937,90.4051172707889,90.96385542168673,30000.0,3123912.0
30000.0,2.012934845,1.6156134406193574E-6,30000.0,95.89999999999999,91.78942477911549,91.25799573560766,91.76706827309236,30000.0,3123968.0
30000.0,2.00212602,1.6077875465492407E-6,30000.0,96.6,93.19256628238035,92.75053304904051,93.1726907630522,30000.0,3123912.0
30000.0,2.292901783,1.8403193465682637E-6,30000.0,96.6,93.19256628238035,92.75053304904051,93.1726907630522,30000.0,3123968.0
30000.0,1.917716516,1.5400311096009861E-6,30000.0,97.3,94.59515726090576,94.24307036247335,94.57831325301204,30000.0,3123968.0
30000.0,2.281870875,1.8314657648086239E-6,30000.0,97.7,95.39639077036396,95.0959488272921,95.38152610441767,30000.0,3123968.0
30000.0,2.004850113,1.6091245064566593E-6,30000.0,98.2,96.39768010598824,96.16204690831556,96.3855421686747,30000.0,3123968.0
30000.0,1.866063086,1.497731836812252E-6,30000.0,98.6,97.19850960711098,97.01492537313433,97.18875502008032,30000.0,3123968.0
30000.0,1.997606265,1.6033104791324895E-6,30000.0,99.1,98.19929412329633,98.08102345415777,98.19277108433735,30000.0,3123968.0
30000.0,1.752207315,1.407092796301345E-6,30000.0,88.9,77.73016178736518,76.33262260127933,77.71084337349397,30000.0,3123912.0
30000.0,1.975144541,1.604711516021697E-6,30000.0,99.2,98.3994173879292,98.29424307036247,98.39357429718876,30000.0,3160296.0
30000.0,1.762456372,1.4319379719024151E-6,30000.0,99.2,98.3994173879292,98.29424307036247,98.39357429718876,30000.0,3160352.0
30000.0,2.011094363,1.6339190459846043E-6,30000.0,99.3,98.59952944189247,98.50746268656717,98.59437751004016,30000.0,3160296.0
30000.0,2.344529586,1.9038246816921855E-6,30000.0,99.4,98.79963028612812,98.72068230277186,98.79518072289156,30000.0,3160352.0
30000.0,1.783028786,1.4486265520819855E-6,30000.0,99.4,98.79963028612812,98.72068230277186,98.79518072289156,30000.0,3160296.0
30000.0,2.235136808,1.8149946357849407E-6,30000.0,99.5,98.99971992157805,98.93390191897655,98.99598393574297,30000.0,3160352.0
30000.0,2.208600339,1.7934462684924842E-6,30000.0,99.4,98.79963028612812,98.72068230277186,98.79518072289156,30000.0,3160352.0
30000.0,2.428768274,1.9732945290134473E-6,30000.0,99.3,98.59952944189247,98.50746268656717,98.59437751004016,30000.0,3160352.0
30000.0,2.060137376,1.6728901215518186E-6,30000.0,99.3,98.59952944189247,98.50746268656717,98.59437751004016,30000.0,3160352.0
30000.0,2.174896055,1.7660774316302295E-6,30000.0,99.2,98.3994173879292,98.29424307036247,98.39357429718876,30000.0,3160352.0
30000.0,2.411082967,1.957867919258676E-6,30000.0,98.5,96.99831905867285,96.80170575692964,96.98795180722891,30000.0,3160352.0
30000.0,2.227443714,1.8784728198324143E-6,30000.0,95.8,91.58987420854709,91.04477611940298,91.56626506024097,30000.0,3281352.0
30000.0,2.485050409,2.096810919434792E-6,30000.0,97.0,93.99478747552875,93.60341151385927,93.97590361445782,30000.0,3281352.0
30000.0,2.922794723,2.4648840330270677E-6,30000.0,97.89999999999999,95.7971757020718,95.52238805970148,95.78313253012047,30000.0,3281352.0
30000.0,2.299807308,1.9394992976823453E-6,30000.0,98.0,95.99742233998695,95.73560767590618,95.98393574297188,30000.0,3281352.0
30000.0,2.663607055,2.2463029813427478E-6,30000.0,98.5,96.99848723756773,96.80170575692964,96.98795180722891,30000.0,3281352.0
30000.0,2.612227776,2.204081519133647E-6,30000.0,98.7,97.39883467793571,97.22814498933901,97.38955823293173,30000.0,3281296.0
30000.0,2.123617063,1.7918443144130378E-6,30000.0,99.0,97.9992717349115,97.86780383795309,97.99196787148594,30000.0,3281352.0
30000.0,2.190362853,1.8481306756054296E-6,30000.0,99.1,98.1993949967189,98.08102345415777,98.19277108433735,30000.0,3281296.0
30000.0,2.639572369,2.227191909634041E-6,30000.0,99.3,98.59952944189247,98.50746268656717,98.59437751004016,30000.0,3281352.0
30000.0,2.825159773,2.38374405994721E-6,30000.0,99.3,98.59952944189247,98.50746268656717,98.59437751004016,30000.0,3281296.0
30000.0,2.897147204,2.443254679596126E-6,30000.0,88.2,76.32509259296414,74.84008528784648,76.30522088353415,30000.0,3281352.0
30000.0,2.891062039,2.4979504719952676E-6,30000.0,95.0,89.98513794470993,89.33901918976545,89.9598393574297,30000.0,3359648.0
30000.0,3.065701901,2.6488437146262643E-6,30000.0,95.6,91.18840393958449,90.61833688699359,91.16465863453814,30000.0,3359648.0
30000.0,3.216994542,2.7781994982243333E-6,30000.0,96.6,93.1929478940182,92.75053304904051,93.1726907630522,30000.0,3359704.0
30000.0,3.490840234,3.0161739501088486E-6,30000.0,97.1,94.19479853949137,93.81663113006397,94.17670682730923,30000.0,3359648.0
30000.0,3.200539077,2.7639885432447122E-6,30000.0,97.1,94.19479853949137,93.81663113006397,94.17670682730923,30000.0,3359704.0
30000.0,2.764093826,2.3870740158806824E-6,30000.0,97.89999999999999,95.7971757020718,95.52238805970148,95.78313253012047,30000.0,3359704.0
30000.0,2.877863105,2.4865462603352035E-6,30000.0,98.4,96.79811729296827,96.58848614072494,96.7871485943775,30000.0,3359648.0
30000.0,2.856421912,2.46802052914992E-6,30000.0,98.8,97.59885705595863,97.44136460554371,97.59036144578313,30000.0,3359648.0
30000.0,2.505333075,2.163607989065038E-6,30000.0,99.0,97.99915964705175,97.86780383795309,97.99196787148594,30000.0,3359704.0
30000.0,2.739049278,2.3654455207811543E-6,30000.0,99.0,97.99915964705175,97.86780383795309,97.99196787148594,30000.0,3359704.0
30000.0,2.883694219,2.490361027245476E-6,30000.0,86.6,73.10284748511624,71.42857142857143,73.09236947791165,30000.0,3359704.0
30000.0,3.47324192,2.950744320933024E-6,30000.0,99.4,98.79963028612812,98.72068230277186,98.79518072289156,30000.0,3305448.0
30000.0,2.704559935,2.2988465715291495E-6,30000.0,99.5,98.99971992157805,98.93390191897655,98.99598393574297,30000.0,3305392.0
30000.0,2.343049063,1.9905721730764708E-6,30000.0,99.5,98.99971992157805,98.93390191897655,98.99598393574297,30000.0,3305448.0
30000.0,2.59418642,2.203929649178187E-6,30000.0,99.5,98.99971992157805,98.93390191897655,98.99598393574297,30000.0,3305448.0
30000.0,2.270038494,1.928544958500862E-6,30000.0,99.5,98.99971992157805,98.93390191897655,98.99598393574297,30000.0,3305448.0
30000.0,2.582151638,2.193705321170489E-6,30000.0,99.6,99.199798349184,99.14712153518124,99.19678714859438,30000.0,3305448.0
30000.0,2.525464292,2.146617220070404E-6,30000.0,99.6,99.199798349184,99.14712153518124,99.19678714859438,30000.0,3305392.0
30000.0,2.575075181,2.187693411897818E-6,30000.0,99.6,99.199798349184,99.14712153518124,99.19678714859438,30000.0,3305448.0
30000.0,3.057283495,2.598657766729583E-6,30000.0,99.6,99.199798349184,99.14712153518124,99.19678714859438,30000.0,3305392.0
30000.0,3.285320415,2.7925342673307908E-6,30000.0,99.7,99.39986556988765,99.36034115138592,99.3975903614458,30000.0,3305448.0
30000.0,3.354088824,2.8495160363960266E-6,30000.0,99.3,98.59952944189247,98.50746268656717,98.59437751004016,30000.0,3305448.0
30000.0,2.984979737,2.59061302114638E-6,30000.0,99.7,99.39986556988765,99.36034115138592,99.3975903614458,30000.0,3374560.0
30000.0,3.356168821,2.9127616985388244E-6,30000.0,99.7,99.39986556988765,99.36034115138592,99.3975903614458,30000.0,3374560.0
30000.0,2.753250871,2.3894994892205567E-6,30000.0,99.7,99.39986556988765,99.36034115138592,99.3975903614458,30000.0,3374560.0
30000.0,2.989025309,2.594124104109951E-6,30000.0,99.7,99.39986556988765,99.36034115138592,99.3975903614458,30000.0,3374560.0
30000.0,2.436855241,2.114940419657185E-6,30000.0,99.7,99.39986556988765,99.36034115138592,99.3975903614458,30000.0,3374616.0
30000.0,2.706448674,2.3489198693728203E-6,30000.0,99.7,99.39986556988765,99.36034115138592,99.3975903614458,30000.0,3374616.0
30000.0,2.998579717,2.6011440069783355E-6,30000.0,99.7,99.39986556988765,99.36034115138592,99.3975903614458,30000.0,3374616.0
30000.0,3.272091822,2.8384044568917905E-6,30000.0,99.7,99.39986556988765,99.36034115138592,99.3975903614458,30000.0,3374616.0
30000.0,2.820644517,2.4467925730356204E-6,30000.0,99.8,99.5999215846306,99.57356076759062,99.59839357429718,30000.0,3374616.0
30000.0,2.596444115,2.252307987977502E-6,30000.0,99.8,99.5999215846306,99.57356076759062,99.59839357429718,30000.0,3374616.0
30000.0,3.107535225,2.696976839664237E-6,30000.0,99.7,99.39986556988765,99.36034115138592,99.3975903614458,30000.0,3374560.0
30000.0,3.583626479,3.3140754862716625E-6,30000.0,94.8,89.58395929731786,88.91257995735606,89.5582329317269,30000.0,3596200.0
30000.0,3.62532919,3.352641428633696E-6,30000.0,95.7,91.38842604460395,90.83155650319829,91.36546184738955,30000.0,3596200.0
30000.0,4.136933069,3.825763804531677E-6,30000.0,96.2,92.39083856963784,91.89765458422174,92.36947791164658,30000.0,3596200.0
30000.0,4.327680313,4.003999642044896E-6,30000.0,96.6,93.19256628238035,92.75053304904051,93.1726907630522,30000.0,3596144.0
30000.0,3.379463489,3.1252691013630066E-6,30000.0,96.8,93.59336272378184,93.17697228144989,93.57429718875501,30000.0,3596200.0
30000.0,3.563331512,3.2953070535057122E-6,30000.0,97.5,94.99579646903399,94.66950959488273,94.97991967871485,30000.0,3596200.0
30000.0,3.888832045,3.5980305393978544E-6,30000.0,97.7,95.39639077036396,95.0959488272921,95.38152610441767,30000.0,3596200.0
30000.0,3.178375291,2.9406547173135293E-6,30000.0,97.89999999999999,95.79694017244553,95.52238805970148,95.78313253012047,30000.0,3596144.0
30000.0,3.85574255,3.5673595722035194E-6,30000.0,98.6,97.19850960711098,97.01492537313433,97.18875502008032,30000.0,3596144.0
30000.0,3.882493626,3.5921098520258443E-6,30000.0,98.9,97.7990139582533,97.6545842217484,97.79116465863453,30000.0,3596144.0
30000.0,3.793556366,3.5082149973003395E-6,30000.0,89.2,78.33630874771829,76.97228144989339,78.31325301204821,30000.0,3596200.0
30000.0,3.351096054,3.046658890465796E-6,30000.0,99.8,99.5999215846306,99.57356076759062,99.59839357429718,30000.0,3533072.0
30000.0,3.011957234,2.737008313494805E-6,30000.0,99.8,99.5999215846306,99.57356076759062,99.59839357429718,30000.0,3533072.0
30000.0,4.008591901,3.6443651112897136E-6,30000.0,99.8,99.5999215846306,99.57356076759062,99.59839357429718,30000.0,3533016.0
30000.0,3.687568684,3.3509460329512426E-6,30000.0,99.8,99.5999215846306,99.57356076759062,99.59839357429718,30000.0,3533072.0
30000.0,3.812777593,3.466342790736575E-6,30000.0,99.8,99.5999215846306,99.57356076759062,99.59839357429718,30000.0,3533016.0
30000.0,3.414978,3.1032390071451666E-6,30000.0,99.8,99.5999215846306,99.57356076759062,99.59839357429718,30000.0,3533072.0
30000.0,4.079685575,3.7072682205353756E-6,30000.0,99.8,99.5999215846306,99.57356076759062,99.59839357429718,30000.0,3533072.0
30000.0,4.092465441,3.720677061722527E-6,30000.0,99.8,99.5999215846306,99.57356076759062,99.59839357429718,30000.0,3533072.0
30000.0,3.657958481,3.3240388209694708E-6,30000.0,99.8,99.5999215846306,99.57356076759062,99.59839357429718,30000.0,3533072.0
30000.0,3.228097939,2.934834790369355E-6,30000.0,99.8,99.5999215846306,99.57356076759062,99.59839357429718,30000.0,3533072.0
30000.0,3.209581558,2.916592343317982E-6,30000.0,99.6,99.199798349184,99.14712153518124,99.19678714859438,30000.0,3533072.0
30000.0,3.469814237,3.1949068392104865E-6,30000.0,99.4,98.79963028612812,98.72068230277186,98.79518072289156,30000.0,3579000.0
30000.0,2.986886311,2.748973216122155E-6,30000.0,99.5,98.99971992157805,98.93390191897655,98.99598393574297,30000.0,3579056.0
30000.0,3.601950905,3.3150463501628593E-6,30000.0,99.5,98.99971992157805,98.93390191897655,98.99598393574297,30000.0,3579056.0
30000.0,3.47014598,3.193740022820027E-6,30000.0,99.5,98.99971992157805,98.93390191897655,98.99598393574297,30000.0,3579056.0
30000.0,4.76328331,4.383875674065347E-6,30000.0,99.5,98.99971992157805,98.93390191897655,98.99598393574297,30000.0,3579056.0
30000.0,3.771399476,3.472597999852879E-6,30000.0,99.5,98.99971992157805,98.93390191897655,98.99598393574297,30000.0,3579000.0
30000.0,4.106055919,3.778998117089982E-6,30000.0,99.5,98.99971992157805,98.93390191897655,98.99598393574297,30000.0,3579056.0
30000.0,4.306289837,3.963282894021084E-6,30000.0,99.6,99.199798349184,99.14712153518124,99.19678714859438,30000.0,3579056.0
30000.0,3.135471988,2.8857236658691447E-6,30000.0,99.6,99.199798349184,99.14712153518124,99.19678714859438,30000.0,3579056.0
30000.0,3.280157904,3.020276650383671E-6,30000.0,99.5,98.99971992157805,98.93390191897655,98.99598393574297,30000.0,3579000.0
30000.0,3.527621358,3.2466373407147953E-6,30000.0,99.3,98.59952944189247,98.50746268656717,98.59437751004016,30000.0,3579056.0
30000.0,4.391597129,4.342146191331758E-6,30000.0,94.69999999999999,89.38335309765712,88.69936034115138,89.3574297188755,30000.0,3840712.0
30000.0,5.123697615,5.063754911614303E-6,30000.0,95.7,91.38842604460395,90.83155650319829,91.36546184738955,30000.0,3840712.0
30000.0,4.65801778,4.603523116354271E-6,30000.0,96.2,92.39083856963784,91.89765458422174,92.36947791164658,30000.0,3840712.0
30000.0,4.889681464,4.834621920469221E-6,30000.0,97.0,93.99411423194731,93.60341151385927,93.97590361445782,30000.0,3840712.0
30000.0,4.429936909,4.378110588614475E-6,30000.0,97.5,94.99579646903399,94.66950959488273,94.97991967871485,30000.0,3840712.0
30000.0,3.919525227,3.873670269165057E-6,30000.0,97.89999999999999,95.79694017244553,95.52238805970148,95.78313253012047,30000.0,3840712.0
30000.0,4.951327162,4.895501735030843E-6,30000.0,98.4,96.79811729296827,96.58848614072494,96.7871485943775,30000.0,3840656.0
30000.0,4.804897865,4.748684835043456E-6,30000.0,98.6,97.19850960711098,97.01492537313433,97.18875502008032,30000.0,3840712.0
30000.0,5.056941634,4.997779916197173E-6,30000.0,98.9,97.7990139582533,97.6545842217484,97.79116465863453,30000.0,3840712.0
30000.0,4.715376056,4.6602103515584775E-6,30000.0,99.2,98.3994173879292,98.29424307036247,98.39357429718876,30000.0,3840712.0
30000.0,4.898575831,4.843345166905506E-6,30000.0,86.8,73.50429752265183,71.85501066098081,73.49397590361446,30000.0,3840656.0
30000.0,4.997453045,5.026404276424471E-6,30000.0,92.4,84.76544803614598,83.79530916844351,84.73895582329318,30000.0,3909344.0
30000.0,5.009510706,5.0385317898334695E-6,30000.0,93.30000000000001,86.57293102895439,85.71428571428572,86.54618473895583,30000.0,3909344.0
30000.0,4.540631233,4.566936005542342E-6,30000.0,94.1,88.17881643905878,87.42004264392322,88.15261044176705,30000.0,3909344.0
30000.0,4.639148831,4.666024335423842E-6,30000.0,95.3,90.58629364354499,89.97867803837953,90.56224899598394,30000.0,3909344.0
30000.0,4.317995275,4.343010273514368E-6,30000.0,95.6,91.18790981226242,90.61833688699359,91.16465863453814,30000.0,3909344.0
30000.0,4.911569644,4.9400233359387604E-6,30000.0,96.3,92.59128735392821,92.11087420042642,92.570281124498,30000.0,3909344.0
30000.0,5.107870867,5.137461770651367E-6,30000.0,96.7,93.39297012020789,92.9637526652452,93.37349397590361,30000.0,3909344.0
30000.0,5.177805815,5.207801865602419E-6,30000.0,98.0,95.99719803862705,95.73560767590618,95.98393574297188,30000.0,3909344.0
30000.0,4.522638218,4.550823089978161E-6,30000.0,98.8,97.59885705595863,97.44136460554371,97.59036144578313,30000.0,3909344.0
30000.0,4.625569375,4.652366210956179E-6,30000.0,99.0,97.99915964705175,97.86780383795309,97.99196787148594,30000.0,3909344.0
30000.0,3.793641913,3.815619229039961E-6,30000.0,80.0,59.775871154070494,57.356076759061835,59.83935742971889,30000.0,3909344.0
30000.0,3.920864727,3.8144750827200526E-6,30000.0,99.5,98.99971992157805,98.93390191897655,98.99598393574297,30000.0,3782064.0
30000.0,4.172819144,4.05959291068529E-6,30000.0,99.5,98.99971992157805,98.93390191897655,98.99598393574297,30000.0,3782064.0
30000.0,4.612210894,4.487062103995147E-6,30000.0,99.5,98.99971992157805,98.93390191897655,98.99598393574297,30000.0,3782064.0
30000.0,4.621430426,4.496031471095767E-6,30000.0,99.5,98.99971992157805,98.93390191897655,98.99598393574297,30000.0,3782064.0
30000.0,4.215138809,4.100764264172682E-6,30000.0,99.6,99.199798349184,99.14712153518124,99.19678714859438,30000.0,3782064.0
30000.0,4.100685288,3.991156145661374E-6,30000.0,99.6,99.199798349184,99.14712153518124,99.19678714859438,30000.0,3782008.0
30000.0,3.916155743,3.8098938733737476E-6,30000.0,99.6,99.199798349184,99.14712153518124,99.19678714859438,30000.0,3782064.0
30000.0,4.115625587,4.005757013920064E-6,30000.0,99.6,99.199798349184,99.14712153518124,99.19678714859438,30000.0,3782064.0
30000.0,4.375684579,4.256953748365795E-6,30000.0,99.6,99.199798349184,99.14712153518124,99.19678714859438,30000.0,3782064.0
30000.0,4.362789428,4.244408497355556E-6,30000.0,99.6,99.199798349184,99.14712153518124,99.19678714859438,30000.0,3782064.0
30000.0,3.84084544,3.7382566097550916E-6,30000.0,99.4,98.79963028612812,98.72068230277186,98.79518072289156,30000.0,3782008.0
30000.0,3.715623331,3.6809664410292422E-6,30000.0,99.4,98.79963028612812,98.72068230277186,98.79518072289156,30000.0,3849200.0
30000.0,4.185162461,4.14428975205944E-6,30000.0,99.4,98.79963028612812,98.72068230277186,98.79518072289156,30000.0,3849200.0
30000.0,4.073955592,4.034168940298839E-6,30000.0,99.4,98.79963028612812,98.72068230277186,98.79518072289156,30000.0,3849200.0
30000.0,4.883985755,4.83628826891812E-6,30000.0,99.4,98.79963028612812,98.72068230277186,98.79518072289156,30000.0,3849200.0
30000.0,3.962697364,3.92567852144829E-6,30000.0,99.5,98.99971992157805,98.93390191897655,98.99598393574297,30000.0,3849144.0
30000.0,4.335121849,4.292784621901366E-6,30000.0,99.5,98.99971992157805,98.93390191897655,98.99598393574297,30000.0,3849200.0
30000.0,4.855056151,4.807641194281096E-6,30000.0,99.4,98.79963028612812,98.72068230277186,98.79518072289156,30000.0,3849200.0
30000.0,5.19901522,5.148241125124403E-6,30000.0,99.4,98.79963028612812,98.72068230277186,98.79518072289156,30000.0,3849200.0
30000.0,4.386048868,4.343214282616186E-6,30000.0,99.3,98.59952944189247,98.50746268656717,98.59437751004016,30000.0,3849200.0
30000.0,4.004975445,3.967619668870885E-6,30000.0,99.3,98.59952944189247,98.50746268656717,98.59437751004016,30000.0,3849200.0
30000.0,3.670795539,3.6349461880980995E-6,30000.0,99.0,97.99915964705175,97.86780383795309,97.99196787148594,30000.0,3849200.0
30000.0,4.167212632,4.187128118234326E-6,30000.0,99.5,98.99971992157805,98.93390191897655,98.99598393574297,30000.0,3905424.0
30000.0,5.639802477,5.666755603349377E-6,30000.0,99.5,98.99971992157805,98.93390191897655,98.99598393574297,30000.0,3905424.0
30000.0,3.980564849,3.999588328590734E-6,30000.0,99.5,98.99971992157805,98.93390191897655,98.99598393574297,30000.0,3905424.0
30000.0,4.414248963,4.437217887969427E-6,30000.0,99.5,98.99971992157805,98.93390191897655,98.99598393574297,30000.0,3905368.0
30000.0,4.286251597,4.308554505638998E-6,30000.0,99.6,99.199798349184,99.14712153518124,99.19678714859438,30000.0,3905368.0
30000.0,4.559754984,4.58154646565333E-6,30000.0,99.6,99.199798349184,99.14712153518124,99.19678714859438,30000.0,3905424.0
30000.0,5.41942073,5.445320632039445E-6,30000.0,99.6,99.199798349184,99.14712153518124,99.19678714859438,30000.0,3905424.0
30000.0,5.503516138,5.532152911843368E-6,30000.0,99.6,99.199798349184,99.14712153518124,99.19678714859438,30000.0,3905368.0
30000.0,4.443464403,4.4647001214442964E-6,30000.0,99.6,99.199798349184,99.14712153518124,99.19678714859438,30000.0,3905424.0
30000.0,4.276113905,4.298426012670052E-6,30000.0,99.7,99.39986556988765,99.36034115138592,99.3975903614458,30000.0,3905424.0
30000.0,4.452521467,4.473800469972672E-6,30000.0,99.4,98.79963028612812,98.72068230277186,98.79518072289156,30000.0,3905424.0
30000.0,4.627703926,4.778829370167392E-6,30000.0,99.8,99.5999215846306,99.57356076759062,99.59839357429718,30000.0,4010472.0
30000.0,5.875142352,6.067004993104637E-6,30000.0,99.8,99.5999215846306,99.57356076759062,99.59839357429718,30000.0,4010472.0
30000.0,5.333316067,5.505221699146733E-6,30000.0,99.8,99.5999215846306,99.57356076759062,99.59839357429718,30000.0,4010528.0
30000.0,4.783902781,4.9401291611213296E-6,30000.0,99.8,99.5999215846306,99.57356076759062,99.59839357429718,30000.0,4010472.0
30000.0,5.059832016,5.225069328727424E-6,30000.0,99.8,99.5999215846306,99.57356076759062,99.59839357429718,30000.0,4010472.0
30000.0,3.754412369,3.875426129205571E-6,30000.0,99.8,99.5999215846306,99.57356076759062,99.59839357429718,30000.0,4010528.0
30000.0,4.812998176,4.970174715112249E-6,30000.0,99.8,99.5999215846306,99.57356076759062,99.59839357429718,30000.0,4010472.0
30000.0,3.914622422,4.042517704072388E-6,30000.0,99.8,99.5999215846306,99.57356076759062,99.59839357429718,30000.0,4010528.0
30000.0,4.472906966,4.617079538910397E-6,30000.0,99.8,99.5999215846306,99.57356076759062,99.59839357429718,30000.0,4010528.0
30000.0,4.39275376,4.5362065118859205E-6,30000.0,99.8,99.5999215846306,99.57356076759062,99.59839357429718,30000.0,4010472.0
30000.0,4.27411362,4.411878604201723E-6,30000.0,99.8,99.5999215846306,99.57356076759062,99.59839357429718,30000.0,4010528.0
30000.0,4.826834732,5.359963884626958E-6,30000.0,92.60000000000001,85.16718982389045,84.22174840085289,85.14056224899599,30000.0,4313896.0
30000.0,5.718178195,6.34975720379841E-6,30000.0,93.7,87.37596383514213,86.56716417910448,87.34939759036145,30000.0,4313896.0
30000.0,6.784996312,7.5344065435980425E-6,30000.0,94.1,88.17881643905878,87.42004264392322,88.15261044176705,30000.0,4313896.0
30000.0,6.166802673,6.847932743950636E-6,30000.0,95.3,90.58629364354499,89.97867803837953,90.56224899598394,30000.0,4313896.0
30000.0,5.552996316,6.166330806377927E-6,30000.0,95.6,91.18790981226242,90.61833688699359,91.16465863453814,30000.0,4313896.0
30000.0,4.997050217,5.5489798553117945E-6,30000.0,96.2,92.39083856963784,91.89765458422174,92.36947791164658,30000.0,4313896.0
30000.0,5.170219214,5.7434691212429725E-6,30000.0,96.6,93.19256628238035,92.75053304904051,93.1726907630522,30000.0,4313840.0
30000.0,5.40746988,6.0070250398151575E-6,30000.0,97.39999999999999,94.79548247879158,94.45628997867803,94.77911646586344,30000.0,4313840.0
30000.0,5.856535239,6.503395933980595E-6,30000.0,98.5,96.99831905867285,96.80170575692964,96.98795180722891,30000.0,4313896.0
30000.0,5.548631107,6.1614834552901164E-6,30000.0,98.7,97.39868893922537,97.22814498933901,97.38955823293173,30000.0,4313896.0
30000.0,5.835795889,6.480365900187708E-6,30000.0,82.69999999999999,65.23256000900335,63.113006396588474,65.26104417670682,30000.0,4313896.0
30000.0,3.920604474,4.149821292921988E-6,30000.0,99.5,98.99971992157805,98.93390191897655,98.99598393574297,30000.0,4112944.0
30000.0,4.677031417,4.952456802400959E-6,30000.0,99.6,99.199798349184,99.14712153518124,99.19678714859438,30000.0,4112888.0
30000.0,4.948738745,5.238065087488098E-6,30000.0,99.6,99.199798349184,99.14712153518124,99.19678714859438,30000.0,4112944.0
30000.0,4.701884941,4.9788420412233E-6,30000.0,99.6,99.199798349184,99.14712153518124,99.19678714859438,30000.0,4112944.0
30000.0,6.389765752,6.763341252676762E-6,30000.0,99.6,99.199798349184,99.14712153518124,99.19678714859438,30000.0,4112944.0
30000.0,5.096038083,5.396212151018561E-6,30000.0,99.6,99.199798349184,99.14712153518124,99.19678714859438,30000.0,4112944.0
30000.0,5.286252629,5.595311606938965E-6,30000.0,99.6,99.199798349184,99.14712153518124,99.19678714859438,30000.0,4112944.0
30000.0,4.89914593,5.1855728452770454E-6,30000.0,99.6,99.199798349184,99.14712153518124,99.19678714859438,30000.0,4112944.0
30000.0,5.00241654,5.294881136677786E-6,30000.0,99.6,99.199798349184,99.14712153518124,99.19678714859438,30000.0,4112944.0
30000.0,5.066730747,5.36510510977272E-6,30000.0,99.7,99.39986556988765,99.36034115138592,99.3975903614458,30000.0,4112888.0
30000.0,4.527167777,4.791847114957126E-6,30000.0,99.5,98.99971992157805,98.93390191897655,98.99598393574297,30000.0,4112944.0
30000.0,6.461376205,7.458619502990589E-6,30000.0,93.0,85.97132538909533,85.07462686567166,85.94377510040162,30000.0,4480832.0
30000.0,7.012616736,8.095039621316393E-6,30000.0,93.5,86.97446996112382,86.1407249466951,86.94779116465865,30000.0,4480888.0
30000.0,7.068742635,8.156727300692256E-6,30000.0,94.8,89.5833750666063,88.91257995735606,89.5582329317269,30000.0,4480888.0
30000.0,6.527058937,7.531670421985207E-6,30000.0,95.7,91.38842604460395,90.83155650319829,91.36546184738955,30000.0,4480888.0
30000.0,5.319517234,6.1382700841633855E-6,30000.0,96.0,91.98990728317679,91.47121535181236,91.96787148594376,30000.0,4480888.0
30000.0,5.399855458,6.2309735561705996E-6,30000.0,96.5,92.99215120935446,92.53731343283582,92.97188755020079,30000.0,4480888.0
30000.0,5.750176477,6.635214192339077E-6,30000.0,97.39999999999999,94.79548247879158,94.45628997867803,94.77911646586344,30000.0,4480888.0
30000.0,6.447076967,7.4393780367692125E-6,30000.0,98.1,96.19744468282686,95.94882729211088,96.18473895582329,30000.0,4480888.0
30000.0,5.798892121,6.693972199885309E-6,30000.0,98.6,97.19850960711098,97.01492537313433,97.18875502008032,30000.0,4480888.0
30000.0,6.321171087,7.294093368513118E-6,30000.0,99.0,97.99915964705175,97.86780383795309,97.99196787148594,30000.0,4480888.0
30000.0,5.131098598,5.920851016646239E-6,30000.0,79.5,58.76446261043079,56.28997867803839,58.83534136546186,30000.0,4480888.0
30000.0,4.550946228,5.01638063339889E-6,30000.0,99.5,98.99971992157805,98.93390191897655,98.99598393574297,30000.0,4282280.0
30000.0,4.245631696,4.679840971383784E-6,30000.0,99.6,99.199798349184,99.14712153518124,99.19678714859438,30000.0,4282280.0
30000.0,5.492112799,6.053802198725028E-6,30000.0,99.6,99.199798349184,99.14712153518124,99.19678714859438,30000.0,4282280.0
30000.0,5.955510012,6.564591974829635E-6,30000.0,99.6,99.199798349184,99.14712153518124,99.19678714859438,30000.0,4282280.0
30000.0,6.211187131,6.846417705984993E-6,30000.0,99.6,99.199798349184,99.14712153518124,99.19678714859438,30000.0,4282280.0
30000.0,5.9527267,6.561524007924729E-6,30000.0,99.6,99.199798349184,99.14712153518124,99.19678714859438,30000.0,4282280.0
30000.0,6.062671046,6.68271258287049E-6,30000.0,99.6,99.199798349184,99.14712153518124,99.19678714859438,30000.0,4282280.0
30000.0,6.095320234,6.721375229702244E-6,30000.0,99.6,99.199798349184,99.14712153518124,99.19678714859438,30000.0,4282280.0
30000.0,6.762075568,7.453646609180504E-6,30000.0,99.6,99.199798349184,99.14712153518124,99.19678714859438,30000.0,4282280.0
30000.0,6.164071797,6.794483792206893E-6,30000.0,99.7,99.39986556988765,99.36034115138592,99.3975903614458,30000.0,4282280.0
30000.0,5.77814807,6.369090871020325E-6,30000.0,99.5,98.99971992157805,98.93390191897655,98.99598393574297,30000.0,4282280.0
30000.0,5.412523625,6.017310266974382E-6,30000.0,99.4,98.79963028612812,98.72068230277186,98.79518072289156,30000.0,4317176.0
30000.0,5.811999474,6.458957049487171E-6,30000.0,99.4,98.79963028612812,98.72068230277186,98.79518072289156,30000.0,4317232.0
30000.0,6.873359738,7.638461691542885E-6,30000.0,99.5,98.99971992157805,98.93390191897655,98.99598393574297,30000.0,4317232.0
30000.0,5.319977525,5.914423215336166E-6,30000.0,99.5,98.99971992157805,98.93390191897655,98.99598393574297,30000.0,4317176.0
30000.0,5.813601932,6.460737883680621E-6,30000.0,99.5,98.99971992157805,98.93390191897655,98.99598393574297,30000.0,4317232.0
30000.0,5.982527084,6.651004991226345E-6,30000.0,99.5,98.99971992157805,98.93390191897655,98.99598393574297,30000.0,4317176.0
30000.0,6.955970468,7.730268161809055E-6,30000.0,99.4,98.79963028612812,98.72068230277186,98.79518072289156,30000.0,4317232.0
30000.0,6.846599584,7.6116275558364385E-6,30000.0,99.4,98.79963028612812,98.72068230277186,98.79518072289156,30000.0,4317176.0
30000.0,6.75007351,7.501451966231047E-6,30000.0,99.4,98.79963028612812,98.72068230277186,98.79518072289156,30000.0,4317232.0
30000.0,5.969512827,6.6365365421831985E-6,30000.0,99.4,98.79963028612812,98.72068230277186,98.79518072289156,30000.0,4317176.0
30000.0,5.456828854,6.066566090655402E-6,30000.0,99.3,98.59952944189247,98.50746268656717,98.59437751004016,30000.0,4317176.0
30000.0,6.663786524,8.077656839208155E-6,30000.0,91.10000000000001,82.15402877813248,81.02345415778252,82.12851405622492,30000.0,4705400.0
30000.0,7.807886272,9.461190113998916E-6,30000.0,92.0,83.96182915338505,82.94243070362474,83.93574297188756,30000.0,4705456.0
30000.0,7.460785784,9.040591812329672E-6,30000.0,93.0,85.97053813007317,85.07462686567166,85.94377510040162,30000.0,4705456.0
30000.0,7.760096274,9.406573051947579E-6,30000.0,94.1,88.17881643905878,87.42004264392322,88.15261044176705,30000.0,4705400.0
30000.0,6.948504063,8.42288419239154E-6,30000.0,94.6,89.18212887690463,88.48614072494668,89.15662650602408,30000.0,4705456.0
30000.0,7.505787222,9.098415424447917E-6,30000.0,95.0,89.98457624742102,89.33901918976545,89.9598393574297,30000.0,4705456.0
30000.0,6.774152781,8.208565684691811E-6,30000.0,95.8,91.58893103323975,91.04477611940298,91.56626506024097,30000.0,4705456.0
30000.0,6.46349141,7.832122408020766E-6,30000.0,97.0,93.99411423194731,93.60341151385927,93.97590361445782,30000.0,4705456.0
30000.0,5.852366543,7.094076087425536E-6,30000.0,98.1,96.19744468282686,95.94882729211088,96.18473895582329,30000.0,4705400.0
30000.0,6.549873734,7.939574920781926E-6,30000.0,98.6,97.19850960711098,97.01492537313433,97.18875502008032,30000.0,4705400.0
30000.0,6.040139815,7.319126984441973E-6,30000.0,80.9,61.59568906583023,59.275053304904056,61.646586345381536,30000.0,4705456.0
30000.0,6.295529308,7.2183422577155136E-6,30000.0,99.4,98.79963028612812,98.72068230277186,98.79518072289156,30000.0,4453560.0
30000.0,4.965958713,5.693880192499049E-6,30000.0,99.5,98.99971992157805,98.93390191897655,98.99598393574297,30000.0,4453560.0
30000.0,5.515871518,6.326740676637262E-6,30000.0,99.5,98.99971992157805,98.93390191897655,98.99598393574297,30000.0,4453504.0
30000.0,5.980888417,6.860204745180437E-6,30000.0,99.5,98.99971992157805,98.93390191897655,98.99598393574297,30000.0,4453560.0
30000.0,5.960496255,6.834199300724082E-6,30000.0,99.5,98.99971992157805,98.93390191897655,98.99598393574297,30000.0,4453560.0
30000.0,5.756356095,6.600135813551955E-6,30000.0,99.6,99.199798349184,99.14712153518124,99.19678714859438,30000.0,4453560.0
30000.0,5.863516008,6.723003469391168E-6,30000.0,99.6,99.199798349184,99.14712153518124,99.19678714859438,30000.0,4453560.0
30000.0,5.765076602,6.610134592226023E-6,30000.0,99.6,99.199798349184,99.14712153518124,99.19678714859438,30000.0,4453560.0
30000.0,5.848961009,6.708796499510057E-6,30000.0,99.6,99.199798349184,99.14712153518124,99.19678714859438,30000.0,4453504.0
30000.0,4.863687657,5.576618013395555E-6,30000.0,99.7,99.39986556988765,99.36034115138592,99.3975903614458,30000.0,4453560.0
30000.0,4.853009457,5.564374578646011E-6,30000.0,99.4,98.79963028612812,98.72068230277186,98.79518072289156,30000.0,4453560.0
30000.0,5.679637613,7.1376816057420275E-6,30000.0,95.7,91.38939173061212,90.83155650319829,91.36546184738955,30000.0,4876560.0
30000.0,7.14320214,8.973933383451277E-6,30000.0,96.3,92.59128735392821,92.11087420042642,92.570281124498,30000.0,4876616.0
30000.0,6.347559848,7.974375932111326E-6,30000.0,96.6,93.19256628238035,92.75053304904051,93.1726907630522,30000.0,4876616.0
30000.0,6.106758026,7.67185901226371E-6,30000.0,97.3,94.59515726090576,94.24307036247335,94.57831325301204,30000.0,4876616.0
30000.0,6.302389545,7.917628932364192E-6,30000.0,97.6,95.19609923257684,94.88272921108741,95.18072289156626,30000.0,4876616.0
30000.0,6.630006684,8.329211066404556E-6,30000.0,98.1,96.19744468282686,95.94882729211088,96.18473895582329,30000.0,4876616.0
30000.0,6.407336045,8.052190605528404E-6,30000.0,98.4,96.79811729296827,96.58848614072494,96.7871485943775,30000.0,4876560.0
30000.0,6.50479743,8.174765954862721E-6,30000.0,98.9,97.7990139582533,97.6545842217484,97.79116465863453,30000.0,4876616.0
30000.0,6.312540472,7.930381440398114E-6,30000.0,99.0,97.99915964705175,97.86780383795309,97.99196787148594,30000.0,4876616.0
30000.0,6.250531702,7.85513235093663E-6,30000.0,99.0,97.99915964705175,97.86780383795309,97.99196787148594,30000.0,4876560.0
30000.0,6.716900271,8.438374610415245E-6,30000.0,88.9,77.73266357464973,76.33262260127933,77.71084337349397,30000.0,4876616.0
30000.0,6.805155322,8.68960957631504E-6,30000.0,92.2,84.3645387739393,83.36886993603412,84.33734939759037,30000.0,4954648.0
30000.0,6.659315155,8.5005586372914E-6,30000.0,93.5,86.97446996112382,86.1407249466951,86.94779116465865,30000.0,4954704.0
30000.0,7.262088776,9.26999399078654E-6,30000.0,94.39999999999999,88.78083767074162,88.0597014925373,88.75502008032127,30000.0,4954704.0
30000.0,6.434903286,8.216828943773917E-6,30000.0,95.5,90.98738233526937,90.4051172707889,90.96385542168673,30000.0,4954648.0
30000.0,6.150602449,7.851191234452485E-6,30000.0,95.89999999999999,91.78942477911549,91.25799573560766,91.76706827309236,30000.0,4954704.0
30000.0,5.977235898,7.632426277066953E-6,30000.0,96.1,92.19037854636912,91.68443496801704,92.16867469879517,30000.0,4954648.0
30000.0,6.568971049,8.38802217333529E-6,30000.0,96.8,93.59336272378184,93.17697228144989,93.57429718875501,30000.0,4954648.0
30000.0,6.779084595,8.653443299449359E-6,30000.0,97.8,95.596671083339,95.30916844349679,95.58232931726907,30000.0,4954704.0
30000.0,6.705556178,8.559584906256117E-6,30000.0,98.4,96.79811729296827,96.58848614072494,96.7871485943775,30000.0,4954704.0
30000.0,6.719437222,8.580154789851088E-6,30000.0,98.9,97.7990139582533,97.6545842217484,97.79116465863453,30000.0,4954648.0
30000.0,6.464695565,8.25487117215065E-6,30000.0,79.60000000000001,58.966767104220395,56.50319829424307,59.03614457831326,30000.0,4954648.0
30000.0,6.930636585,8.970339868107625E-6,30000.0,94.1,88.17881643905878,87.42004264392322,88.15261044176705,30000.0,5024568.0
30000.0,6.767811577,8.75959506236373E-6,30000.0,95.3,90.58629364354499,89.97867803837953,90.56224899598394,30000.0,5024568.0
30000.0,7.193721705,9.31085158181507E-6,30000.0,96.1,92.19037854636912,91.68443496801704,92.16867469879517,30000.0,5024568.0
30000.0,6.1124659,7.911379551178465E-6,30000.0,96.8,93.59336272378184,93.17697228144989,93.57429718875501,30000.0,5024568.0
30000.0,6.212400369,8.043360708577515E-6,30000.0,97.1,94.19447313842778,93.81663113006397,94.17670682730923,30000.0,5024512.0
30000.0,6.60118679,8.54673287343418E-6,30000.0,97.5,94.99579646903399,94.66950959488273,94.97991967871485,30000.0,5024512.0
30000.0,7.338815033,9.49864623080471E-6,30000.0,98.3,96.59790430905437,96.37526652452026,96.5863453815261,30000.0,5024568.0
30000.0,7.126431358,9.226781046395868E-6,30000.0,98.8,97.59885705595863,97.44136460554371,97.59036144578313,30000.0,5024512.0
30000.0,6.812135564,8.81696370705073E-6,30000.0,99.1,98.19929412329633,98.08102345415777,98.19277108433735,30000.0,5024568.0
30000.0,6.758809375,8.750811044779968E-6,30000.0,99.1,98.19929412329633,98.08102345415777,98.19277108433735,30000.0,5024512.0
30000.0,6.698638391,8.673003109239906E-6,30000.0,82.69999999999999,65.23256000900335,63.113006396588474,65.26104417670682,30000.0,5024568.0
30000.0,5.541414826,7.104705558950847E-6,30000.0,99.2,98.3994173879292,98.29424307036247,98.39357429718876,30000.0,4974728.0
30000.0,5.943009355,7.61950798189938E-6,30000.0,99.3,98.59952944189247,98.50746268656717,98.59437751004016,30000.0,4974672.0
30000.0,7.182605094,9.205741249909837E-6,30000.0,99.4,98.79963028612812,98.72068230277186,98.79518072289156,30000.0,4974728.0
30000.0,7.6814367,9.84507957242864E-6,30000.0,99.5,98.99971992157805,98.93390191897655,98.99598393574297,30000.0,4974728.0
30000.0,7.486892636,9.595737962880044E-6,30000.0,99.5,98.99971992157805,98.93390191897655,98.99598393574297,30000.0,4974728.0
30000.0,7.160324133,9.177184374085398E-6,30000.0,99.4,98.79963028612812,98.72068230277186,98.79518072289156,30000.0,4974728.0
30000.0,6.476576877,8.303592719094158E-6,30000.0,99.4,98.79963028612812,98.72068230277186,98.79518072289156,30000.0,4974672.0
30000.0,6.94434587,8.90037115955355E-6,30000.0,99.4,98.79963028612812,98.72068230277186,98.79518072289156,30000.0,4974728.0
30000.0,6.772416188,8.68298520310277E-6,30000.0,99.3,98.59952944189247,98.50746268656717,98.59437751004016,30000.0,4974728.0
30000.0,7.995181526,1.0250589527145625E-5,30000.0,99.3,98.59952944189247,98.50746268656717,98.59437751004016,30000.0,4974672.0
30000.0,7.698301163,9.866694276378653E-6,30000.0,98.5,96.99831905867285,96.80170575692964,96.98795180722891,30000.0,4974728.0
