100.0,0.102212285,2.563536944845691E-8,100.0,81.0,62.000000000000014,61.22448979591838,59.57446808510639,100.0,991832.0
100.0,0.096218141,2.417282953856306E-8,100.0,81.0,62.000000000000014,61.22448979591838,59.57446808510639,100.0,991776.0
100.0,0.093059022,2.3339683771692216E-8,100.0,81.0,62.000000000000014,61.22448979591838,59.57446808510639,100.0,991832.0
100.0,0.079957422,2.005373476501554E-8,100.0,81.0,62.000000000000014,61.22448979591838,59.57446808510639,100.0,991832.0
100.0,0.134212979,3.366130892625079E-8,100.0,81.0,62.000000000000014,61.22448979591838,59.57446808510639,100.0,991832.0
100.0,0.097811197,2.4573052102968926E-8,100.0,81.0,62.000000000000014,61.22448979591838,59.57446808510639,100.0,991776.0
100.0,0.092927265,2.3306638434994966E-8,100.0,81.0,62.000000000000014,61.22448979591838,59.57446808510639,100.0,991832.0
100.0,0.093241221,2.3385380222741514E-8,100.0,81.0,62.000000000000014,61.22448979591838,59.57446808510639,100.0,991832.0
100.0,0.106226327,2.6642111932020634E-8,100.0,81.0,62.000000000000014,61.22448979591838,59.57446808510639,100.0,991832.0
100.0,0.082900311,2.0791826539020986E-8,100.0,81.0,62.000000000000014,61.22448979591838,59.57446808510639,100.0,991832.0
100.0,0.085784587,2.1551613625408046E-8,100.0,81.0,62.000000000000014,61.22448979591838,59.57446808510639,100.0,991776.0
100.0,0.109983451,2.8273203373288525E-8,100.0,88.0,76.0,75.51020408163265,74.46808510638297,100.0,1016040.0
100.0,0.122154205,3.145373854637146E-8,100.0,88.0,76.0,75.51020408163265,74.46808510638297,100.0,1015984.0
100.0,0.114295702,2.9430236377716064E-8,100.0,88.0,76.0,75.51020408163265,74.46808510638297,100.0,1015984.0
100.0,0.10220693,2.631895420325713E-8,100.0,88.0,76.0,75.51020408163265,74.46808510638297,100.0,1016040.0
100.0,0.136658038,3.518836046218873E-8,100.0,88.0,76.0,75.51020408163265,74.46808510638297,100.0,1015984.0
100.0,0.11205591,2.8805965841251116E-8,100.0,88.0,76.0,75.51020408163265,74.46808510638297,100.0,1016040.0
100.0,0.118396034,3.0435807545926006E-8,100.0,88.0,76.0,75.51020408163265,74.46808510638297,100.0,1016040.0
100.0,0.096581784,2.4869043045043948E-8,100.0,88.0,76.0,75.51020408163265,74.46808510638297,100.0,1015984.0
100.0,0.089859366,2.309994919065386E-8,100.0,88.0,76.0,75.51020408163265,74.46808510638297,100.0,1016040.0
100.0,0.089482031,2.3002948513753297E-8,100.0,88.0,76.0,75.51020408163265,74.46808510638297,100.0,1016040.0
100.0,0.094061155,2.4220001077651975E-8,100.0,88.0,76.0,75.51020408163265,74.46808510638297,100.0,1015984.0
100.0,0.119718927,3.152687456320971E-8,100.0,91.0,82.0,81.63265306122449,80.85106382978724,100.0,1040288.0
100.0,0.146892767,3.868285454522818E-8,100.0,91.0,82.0,81.63265306122449,80.85106382978724,100.0,1040288.0
100.0,0.14213547,3.749036798272282E-8,100.0,91.0,82.0,81.63265306122449,80.85106382978724,100.0,1040232.0
100.0,0.103836789,2.734446009401232E-8,100.0,91.0,82.0,81.63265306122449,80.85106382978724,100.0,1040288.0
100.0,0.10268132,2.7040177996456626E-8,100.0,91.0,82.0,81.63265306122449,80.85106382978724,100.0,1040288.0
100.0,0.101420869,2.670824985805899E-8,100.0,91.0,82.0,81.63265306122449,80.85106382978724,100.0,1040288.0
100.0,0.105782822,2.7901810315404503E-8,100.0,91.0,82.0,81.63265306122449,80.85106382978724,100.0,1040232.0
100.0,0.113301669,2.983694889251143E-8,100.0,91.0,82.0,81.63265306122449,80.85106382978724,100.0,1040288.0
100.0,0.105874456,2.7927513989773064E-8,100.0,91.0,82.0,81.63265306122449,80.85106382978724,100.0,1040288.0
100.0,0.098117519,2.5838343121521173E-8,100.0,91.0,82.0,81.63265306122449,80.85106382978724,100.0,1040288.0
100.0,0.132758316,3.496067731842398E-8,100.0,91.0,82.0,81.63265306122449,80.85106382978724,100.0,1040288.0
100.0,0.106058956,2.8593854937718972E-8,100.0,90.0,80.0,79.59183673469387,78.72340425531915,100.0,1064496.0
100.0,0.136821427,3.688752165361411E-8,100.0,90.0,80.0,79.59183673469387,78.72340425531915,100.0,1064496.0
100.0,0.093253933,2.518114199304953E-8,100.0,90.0,80.0,79.59183673469387,78.72340425531915,100.0,1064440.0
100.0,0.118043656,3.1875053067356344E-8,100.0,90.0,80.0,79.59183673469387,78.72340425531915,100.0,1064440.0
100.0,0.105130627,2.8343574284753864E-8,100.0,90.0,80.0,79.59183673469387,78.72340425531915,100.0,1064496.0
100.0,0.132901883,3.588718544414267E-8,100.0,90.0,80.0,79.59183673469387,78.72340425531915,100.0,1064440.0
100.0,0.123880317,3.3398554422284163E-8,100.0,90.0,80.0,79.59183673469387,78.72340425531915,100.0,1064496.0
100.0,0.112125907,3.027872150424454E-8,100.0,90.0,80.0,79.59183673469387,78.72340425531915,100.0,1064496.0
100.0,0.119811089,3.235230887742713E-8,100.0,90.0,80.0,79.59183673469387,78.72340425531915,100.0,1064440.0
100.0,0.132119322,3.561981816733877E-8,100.0,90.0,80.0,79.59183673469387,78.72340425531915,100.0,1064496.0
100.0,0.106727279,2.87740370895548E-8,100.0,90.0,80.0,79.59183673469387,78.72340425531915,100.0,1064496.0
100.0,0.134690473,3.715791917597875E-8,100.0,91.0,82.0,81.63265306122449,80.85106382978724,100.0,1088744.0
100.0,0.144672016,3.990979457209507E-8,100.0,91.0,82.0,81.63265306122449,80.85106382978724,100.0,1088696.0
100.0,0.117066042,3.2295755074582996E-8,100.0,91.0,82.0,81.63265306122449,80.85106382978724,100.0,1088744.0
100.0,0.120687192,3.33459486579895E-8,100.0,90.0,80.0,79.59183673469387,78.72340425531915,100.0,1088688.0
100.0,0.112986327,3.1170258097294714E-8,100.0,90.0,80.0,79.59183673469387,78.72340425531915,100.0,1088744.0
100.0,0.099040635,2.738815323924646E-8,100.0,90.0,80.0,79.59183673469387,78.72340425531915,100.0,1089592.0
100.0,0.108011501,2.9797821143846956E-8,100.0,90.0,80.0,79.59183673469387,78.72340425531915,100.0,1088744.0
100.0,0.124406265,3.432074917322025E-8,100.0,90.0,80.0,79.59183673469387,78.72340425531915,100.0,1088744.0
100.0,0.124003807,3.4209720519874244E-8,100.0,90.0,80.0,79.59183673469387,78.72340425531915,100.0,1088744.0
100.0,0.106453191,2.9367920232955368E-8,100.0,90.0,80.0,79.59183673469387,78.72340425531915,100.0,1088744.0
100.0,0.107194115,2.9617802817291686E-8,100.0,90.0,80.0,79.59183673469387,78.72340425531915,100.0,1088688.0
100.0,0.12796213,3.610310739164965E-8,100.0,90.0,80.0,79.59183673469387,78.72340425531915,100.0,1112952.0
100.0,0.129269735,3.647203375869948E-8,100.0,90.0,80.0,79.59183673469387,78.72340425531915,100.0,1112952.0
100.0,0.115228009,3.2560872255168445E-8,100.0,90.0,80.0,79.59183673469387,78.72340425531915,100.0,1112952.0
100.0,0.121768321,3.440725485924631E-8,100.0,90.0,80.0,79.59183673469387,78.72340425531915,100.0,1112896.0
100.0,0.131032072,3.70267489193711E-8,100.0,90.0,80.0,79.59183673469387,78.72340425531915,100.0,1112952.0
100.0,0.122475301,3.4555058944608184E-8,100.0,90.0,80.0,79.59183673469387,78.72340425531915,100.0,1112952.0
100.0,0.125006136,3.5322142450511456E-8,100.0,90.0,80.0,79.59183673469387,78.72340425531915,100.0,1112896.0
100.0,0.122215984,3.453374797999859E-8,100.0,90.0,80.0,79.59183673469387,78.72340425531915,100.0,1112896.0
100.0,0.102985496,2.9056224852386448E-8,100.0,90.0,80.0,79.59183673469387,78.72340425531915,100.0,1112952.0
100.0,0.153238632,4.323459438855449E-8,100.0,90.0,80.0,79.59183673469387,78.72340425531915,100.0,1112952.0
100.0,0.114691704,3.240932439153393E-8,100.0,90.0,80.0,79.59183673469387,78.72340425531915,100.0,1112952.0
100.0,0.1620699,4.674289993196725E-8,100.0,89.0,78.0,77.55102040816327,76.59574468085107,100.0,1137200.0
100.0,0.108961616,3.1425834859609606E-8,100.0,89.0,78.0,77.55102040816327,76.59574468085107,100.0,1137200.0
100.0,0.123680171,3.5723316058787623E-8,100.0,89.0,78.0,77.55102040816327,76.59574468085107,100.0,1137144.0
100.0,0.149891474,4.329409036974526E-8,100.0,89.0,78.0,77.55102040816327,76.59574468085107,100.0,1137144.0
100.0,0.146522192,4.2258754762411116E-8,100.0,89.0,78.0,77.55102040816327,76.59574468085107,100.0,1137200.0
100.0,0.138921491,4.006662157632411E-8,100.0,89.0,78.0,77.55102040816327,76.59574468085107,100.0,1137200.0
100.0,0.140800961,4.066842073806665E-8,100.0,89.0,78.0,77.55102040816327,76.59574468085107,100.0,1137144.0
100.0,0.12063885,3.4793688978999853E-8,100.0,90.0,80.0,79.59183673469387,78.72340425531915,100.0,1137200.0
100.0,0.185876141,5.368776643048765E-8,100.0,90.0,80.0,79.59183673469387,78.72340425531915,100.0,1137144.0
100.0,0.138508923,3.9947632024660706E-8,100.0,90.0,80.0,79.59183673469387,78.72340425531915,100.0,1137200.0
100.0,0.11339937,3.270573625490069E-8,100.0,90.0,80.0,79.59183673469387,78.72340425531915,100.0,1137200.0
100.0,0.177008226,5.215982851537565E-8,100.0,91.0,82.0,81.63265306122449,80.85106382978724,100.0,1161408.0
100.0,0.132611723,3.9133569737691426E-8,100.0,91.0,82.0,81.63265306122449,80.85106382978724,100.0,1161352.0
100.0,0.129200162,3.807200629240109E-8,100.0,91.0,82.0,81.63265306122449,80.85106382978724,100.0,1161408.0
100.0,0.135284919,3.986502963854621E-8,100.0,91.0,82.0,81.63265306122449,80.85106382978724,100.0,1161408.0
100.0,0.148982363,4.396452711911872E-8,100.0,91.0,82.0,81.63265306122449,80.85106382978724,100.0,1161352.0
100.0,0.127418059,3.754686580047426E-8,100.0,91.0,82.0,81.63265306122449,80.85106382978724,100.0,1161408.0
100.0,0.117069398,3.449737824093137E-8,100.0,91.0,82.0,81.63265306122449,80.85106382978724,100.0,1161408.0
100.0,0.126592401,3.730356535808494E-8,100.0,91.0,82.0,81.63265306122449,80.85106382978724,100.0,1161408.0
100.0,0.127471366,3.761665619049221E-8,100.0,91.0,82.0,81.63265306122449,80.85106382978724,100.0,1161352.0
100.0,0.129824952,3.831119676187634E-8,100.0,91.0,82.0,81.63265306122449,80.85106382978724,100.0,1161352.0
100.0,0.148186828,4.366689453583625E-8,100.0,91.0,82.0,81.63265306122449,80.85106382978724,100.0,1161408.0
100.0,0.135144171,4.0671310775857424E-8,100.0,90.0,80.0,79.59183673469387,78.72340425531915,100.0,1185656.0
100.0,0.153443483,4.61784443786554E-8,100.0,90.0,80.0,79.59183673469387,78.72340425531915,100.0,1185656.0
100.0,0.143138317,4.307712964283302E-8,100.0,90.0,80.0,79.59183673469387,78.72340425531915,100.0,1185656.0
100.0,0.124599727,3.749798590576276E-8,100.0,91.0,82.0,81.63265306122449,80.85106382978724,100.0,1185656.0
100.0,0.141847555,4.274885949159247E-8,100.0,90.0,80.0,79.59183673469387,78.72340425531915,100.0,1185600.0
100.0,0.12271891,3.6984024437723886E-8,100.0,90.0,80.0,79.59183673469387,78.72340425531915,100.0,1185600.0
100.0,0.126032389,3.7929142062980685E-8,100.0,90.0,80.0,79.59183673469387,78.72340425531915,100.0,1185656.0
100.0,0.142084887,4.28224430923971E-8,100.0,90.0,80.0,79.59183673469387,78.72340425531915,100.0,1185656.0
100.0,0.142364466,4.290464191384613E-8,100.0,90.0,80.0,79.59183673469387,78.72340425531915,100.0,1185600.0
100.0,0.123174429,3.712130503961195E-8,100.0,90.0,80.0,79.59183673469387,78.72340425531915,100.0,1185600.0
100.0,0.125191116,3.772907772347331E-8,100.0,90.0,80.0,79.59183673469387,78.72340425531915,100.0,1185600.0
100.0,0.134371885,4.1337424007430674E-8,100.0,92.0,84.00000000000001,83.6734693877551,82.97872340425533,100.0,1209808.0
100.0,0.140585675,4.325103671688379E-8,100.0,92.0,84.00000000000001,83.6734693877551,82.97872340425533,100.0,1209864.0
100.0,0.161326685,4.9631986874538575E-8,100.0,92.0,84.00000000000001,83.6734693877551,82.97872340425533,100.0,1209864.0
100.0,0.161429044,4.9661138853132724E-8,100.0,92.0,84.00000000000001,83.6734693877551,82.97872340425533,100.0,1209808.0
100.0,0.170191471,5.235676346413792E-8,100.0,92.0,84.00000000000001,83.6734693877551,82.97872340425533,100.0,1209808.0
100.0,0.142226924,4.369356228998138E-8,100.0,92.0,84.00000000000001,83.6734693877551,82.97872340425533,100.0,1209864.0
100.0,0.118374966,3.636452747773379E-8,100.0,92.0,84.00000000000001,83.6734693877551,82.97872340425533,100.0,1209816.0
100.0,0.13332714,4.1016024430096155E-8,100.0,92.0,84.00000000000001,83.6734693877551,82.97872340425533,100.0,1209808.0
100.0,0.141233045,4.34212620490955E-8,100.0,92.0,84.00000000000001,83.6734693877551,82.97872340425533,100.0,1210768.0
100.0,0.144711918,4.445697780285031E-8,100.0,92.0,84.00000000000001,83.6734693877551,82.97872340425533,100.0,1209864.0
100.0,0.167789871,5.16179485141486E-8,100.0,92.0,84.00000000000001,83.6734693877551,82.97872340425533,100.0,1209808.0
100.0,0.127555362,3.9986460329219696E-8,100.0,91.0,82.0,81.63265306122449,80.85106382978724,100.0,1234112.0
100.0,0.146560862,4.594436488039791E-8,100.0,91.0,82.0,81.63265306122449,80.85106382978724,100.0,1234112.0
100.0,0.164120756,5.151872764507102E-8,100.0,91.0,82.0,81.63265306122449,80.85106382978724,100.0,1234056.0
100.0,0.12350376,3.876875009387732E-8,100.0,91.0,82.0,81.63265306122449,80.85106382978724,100.0,1234056.0
100.0,0.152689585,4.7932609981898626E-8,100.0,91.0,82.0,81.63265306122449,80.85106382978724,100.0,1234112.0
100.0,0.165495074,5.195013630090074E-8,100.0,92.0,84.00000000000001,83.6734693877551,82.97872340425533,100.0,1234056.0
100.0,0.151355994,4.751396651464203E-8,100.0,92.0,84.00000000000001,83.6734693877551,82.97872340425533,100.0,1234112.0
100.0,0.14652391,4.593278104998172E-8,100.0,91.0,82.0,81.63265306122449,80.85106382978724,100.0,1234112.0
100.0,0.135116229,4.2356664949469266E-8,100.0,91.0,82.0,81.63265306122449,80.85106382978724,100.0,1234112.0
100.0,0.139023746,4.358160579912365E-8,100.0,91.0,82.0,81.63265306122449,80.85106382978724,100.0,1234112.0
100.0,0.164489145,5.1564580022357405E-8,100.0,91.0,82.0,81.63265306122449,80.85106382978724,100.0,1234112.0
100.0,0.146267939,4.676855997853809E-8,100.0,91.0,82.0,81.63265306122449,80.85106382978724,100.0,1258320.0
100.0,0.123375918,3.944893228371938E-8,100.0,91.0,82.0,81.63265306122449,80.85106382978724,100.0,1258320.0
100.0,0.177728186,5.690582137904234E-8,100.0,91.0,82.0,81.63265306122449,80.85106382978724,100.0,1258320.0
100.0,0.181810721,5.8133215439849434E-8,100.0,92.0,84.00000000000001,83.6734693877551,82.97872340425533,100.0,1258320.0
100.0,0.157043489,5.021399689329996E-8,100.0,92.0,84.00000000000001,83.6734693877551,82.97872340425533,100.0,1258320.0
100.0,0.169954043,5.441666080811785E-8,100.0,92.0,84.00000000000001,83.6734693877551,82.97872340425533,100.0,1258320.0
100.0,0.112632292,3.60631210744712E-8,100.0,92.0,84.00000000000001,83.6734693877551,82.97872340425533,100.0,1258320.0
100.0,0.144467174,4.625615882209606E-8,100.0,92.0,84.00000000000001,83.6734693877551,82.97872340425533,100.0,1258320.0
100.0,0.136454918,4.36308876742257E-8,100.0,91.0,82.0,81.63265306122449,80.85106382978724,100.0,1258320.0
100.0,0.150997941,4.8347209593132134E-8,100.0,91.0,82.0,81.63265306122449,80.85106382978724,100.0,1258320.0
100.0,0.193053927,6.17281833990415E-8,100.0,91.0,82.0,81.63265306122449,80.85106382978724,100.0,1258320.0
100.0,0.140373507,4.5764399562422184E-8,100.0,90.0,80.0,79.59183673469387,78.72340425531915,100.0,1282568.0
100.0,0.169178026,5.5226990739984644E-8,100.0,90.0,80.0,79.59183673469387,78.72340425531915,100.0,1282512.0
100.0,0.140833508,4.5974119843410115E-8,100.0,91.0,82.0,81.63265306122449,80.85106382978724,100.0,1282512.0
100.0,0.135144255,4.405956520261243E-8,100.0,91.0,82.0,81.63265306122449,80.85106382978724,100.0,1282568.0
100.0,0.176326093,5.7485617804881176E-8,100.0,91.0,82.0,81.63265306122449,80.85106382978724,100.0,1282568.0
100.0,0.156338478,5.096927993807942E-8,100.0,91.0,82.0,81.63265306122449,80.85106382978724,100.0,1282568.0
100.0,0.117121971,3.823535016752159E-8,100.0,91.0,82.0,81.63265306122449,80.85106382978724,100.0,1282568.0
100.0,0.153014309,4.994634083818023E-8,100.0,91.0,82.0,81.63265306122449,80.85106382978724,100.0,1284104.0
100.0,0.159232454,5.1912770464308564E-8,100.0,91.0,82.0,81.63265306122449,80.85106382978724,100.0,1282568.0
100.0,0.140690349,4.5865948963556436E-8,100.0,91.0,82.0,81.63265306122449,80.85106382978724,100.0,1282520.0
100.0,0.137049195,4.474074263147389E-8,100.0,91.0,82.0,81.63265306122449,80.85106382978724,100.0,1282568.0
100.0,0.150460971,5.005921915177256E-8,100.0,90.0,80.0,79.59183673469387,78.72340425531915,100.0,1306720.0
100.0,0.131928017,4.383722716197579E-8,100.0,90.0,80.0,79.59183673469387,78.72340425531915,100.0,1306776.0
100.0,0.151700183,5.0407150307461205E-8,100.0,90.0,80.0,79.59183673469387,78.72340425531915,100.0,1306776.0
100.0,0.138709815,4.609069254600132E-8,100.0,90.0,80.0,79.59183673469387,78.72340425531915,100.0,1306776.0
100.0,0.194695229,6.469360470282742E-8,100.0,90.0,80.0,79.59183673469387,78.72340425531915,100.0,1306776.0
100.0,0.151356296,5.029288305112057E-8,100.0,90.0,80.0,79.59183673469387,78.72340425531915,100.0,1306776.0
100.0,0.138447707,4.6062338025011124E-8,100.0,90.0,80.0,79.59183673469387,78.72340425531915,100.0,1306720.0
100.0,0.197257033,6.562853461962193E-8,100.0,90.0,80.0,79.59183673469387,78.72340425531915,100.0,1306720.0
100.0,0.158068859,5.252334293190597E-8,100.0,90.0,80.0,79.59183673469387,78.72340425531915,100.0,1306776.0
100.0,0.159692569,5.306287157588742E-8,100.0,90.0,80.0,79.59183673469387,78.72340425531915,100.0,1306776.0
100.0,0.138807258,4.618023902595043E-8,100.0,91.0,82.0,81.63265306122449,80.85106382978724,100.0,1306672.0
100.0,0.151043954,5.120286405372951E-8,100.0,91.0,82.0,81.63265306122449,80.85106382978724,100.0,1331024.0
100.0,0.157599755,5.342295242617321E-8,100.0,91.0,82.0,81.63265306122449,80.85106382978724,100.0,1330968.0
100.0,0.169588257,5.7414847598075865E-8,100.0,91.0,82.0,81.63265306122449,80.85106382978724,100.0,1331024.0
100.0,0.159698137,5.406650413036346E-8,100.0,91.0,82.0,81.63265306122449,80.85106382978724,100.0,1331024.0
100.0,0.190216273,6.439855281352996E-8,100.0,91.0,82.0,81.63265306122449,80.85106382978724,100.0,1331024.0
100.0,0.181155163,6.133087431430817E-8,100.0,91.0,82.0,81.63265306122449,80.85106382978724,100.0,1331024.0
100.0,0.191366632,6.478721978727314E-8,100.0,90.0,80.0,79.59183673469387,78.72340425531915,100.0,1331008.0
100.0,0.221847146,7.510732348442077E-8,100.0,90.0,80.0,79.59183673469387,78.72340425531915,100.0,1331024.0
100.0,0.154948058,5.245834406852722E-8,100.0,90.0,80.0,79.59183673469387,78.72340425531915,100.0,1331024.0
100.0,0.189870909,6.436218469134843E-8,100.0,90.0,80.0,79.59183673469387,78.72340425531915,100.0,1330968.0
100.0,0.169004487,5.7217209706306456E-8,100.0,90.0,80.0,79.59183673469387,78.72340425531915,100.0,1331024.0
100.0,0.159610974,5.503657869609693E-8,100.0,92.0,84.00000000000001,83.6734693877551,82.97872340425533,100.0,1355232.0
100.0,0.130016767,4.4831992747613955E-8,100.0,92.0,84.00000000000001,83.6734693877551,82.97872340425533,100.0,1355232.0
100.0,0.19118433,6.592360888359449E-8,100.0,92.0,84.00000000000001,83.6734693877551,82.97872340425533,100.0,1355232.0
100.0,0.158330364,5.4595002585897845E-8,100.0,92.0,84.00000000000001,83.6734693877551,82.97872340425533,100.0,1355232.0
100.0,0.173205862,5.979781322497874E-8,100.0,92.0,84.00000000000001,83.6734693877551,82.97872340425533,100.0,1355176.0
100.0,0.173996302,5.999472385149863E-8,100.0,92.0,84.00000000000001,83.6734693877551,82.97872340425533,100.0,1355184.0
100.0,0.165596212,5.710039056282904E-8,100.0,92.0,84.00000000000001,83.6734693877551,82.97872340425533,100.0,1355232.0
100.0,0.163646008,5.642792705214686E-8,100.0,92.0,84.00000000000001,83.6734693877551,82.97872340425533,100.0,1355232.0
100.0,0.155332407,5.362940910904358E-8,100.0,92.0,84.00000000000001,83.6734693877551,82.97872340425533,100.0,1355232.0
100.0,0.187965644,6.481375120340122E-8,100.0,92.0,84.00000000000001,83.6734693877551,82.97872340425533,100.0,1355232.0
100.0,0.152086404,5.2441978972901905E-8,100.0,92.0,84.00000000000001,83.6734693877551,82.97872340425533,100.0,1355232.0
100.0,0.17346835,6.090300025697798E-8,100.0,90.0,80.0,79.59183673469387,78.72340425531915,100.0,1379480.0
100.0,0.168328182,5.9098338755182924E-8,100.0,90.0,80.0,79.59183673469387,78.72340425531915,100.0,1379480.0
100.0,0.16830798,5.916265392278632E-8,100.0,90.0,80.0,79.59183673469387,78.72340425531915,100.0,1379424.0
100.0,0.175268053,6.153485795477405E-8,100.0,90.0,80.0,79.59183673469387,78.72340425531915,100.0,1379480.0
100.0,0.149077213,5.233951635355129E-8,100.0,91.0,82.0,81.63265306122449,80.85106382978724,100.0,1379480.0
100.0,0.178559452,6.269043517760933E-8,100.0,91.0,82.0,81.63265306122449,80.85106382978724,100.0,1379480.0
100.0,0.160858531,5.6475819103773686E-8,100.0,91.0,82.0,81.63265306122449,80.85106382978724,100.0,1379480.0
100.0,0.185642003,6.517704789614304E-8,100.0,91.0,82.0,81.63265306122449,80.85106382978724,100.0,1379480.0
100.0,0.209387076,7.360254168157776E-8,100.0,92.0,84.00000000000001,83.6734693877551,82.97872340425533,100.0,1379424.0
100.0,0.184276076,6.469748460732401E-8,100.0,92.0,84.00000000000001,83.6734693877551,82.97872340425533,100.0,1379480.0
100.0,0.17487455,6.139670299272984E-8,100.0,92.0,84.00000000000001,83.6734693877551,82.97872340425533,100.0,1379480.0
100.0,0.168395008,6.017639580355751E-8,100.0,89.0,78.0,77.55102040816327,76.59574468085107,100.0,1403688.0
100.0,0.14316261,5.115953249416003E-8,100.0,89.0,78.0,77.55102040816327,76.59574468085107,100.0,1403688.0
100.0,0.181749909,6.494880454677467E-8,100.0,89.0,78.0,77.55102040816327,76.59574468085107,100.0,1403688.0
100.0,0.210160636,7.51936613500201E-8,100.0,90.0,80.0,79.59183673469387,78.72340425531915,100.0,1403688.0
100.0,0.166953416,5.97320723259449E-8,100.0,91.0,82.0,81.63265306122449,80.85106382978724,100.0,1403632.0
100.0,0.173982437,6.224689353063702E-8,100.0,91.0,82.0,81.63265306122449,80.85106382978724,100.0,1403632.0
100.0,0.165157069,5.9089380900412794E-8,100.0,91.0,82.0,81.63265306122449,80.85106382978724,100.0,1403632.0
100.0,0.164096218,5.864021197252389E-8,100.0,91.0,82.0,81.63265306122449,80.85106382978724,100.0,1403688.0
100.0,0.185632582,6.641504606336354E-8,100.0,92.0,84.00000000000001,83.6734693877551,82.97872340425533,100.0,1403632.0
100.0,0.18363889,6.57017491593957E-8,100.0,92.0,84.00000000000001,83.6734693877551,82.97872340425533,100.0,1403632.0
100.0,0.191520328,6.844028928788171E-8,100.0,92.0,84.00000000000001,83.6734693877551,82.97872340425533,100.0,1403688.0
100.0,0.175897861,6.403559082805075E-8,100.0,91.0,82.0,81.63265306122449,80.85106382978724,100.0,1427880.0
100.0,0.185827943,6.765063574233196E-8,100.0,91.0,82.0,81.63265306122449,80.85106382978724,100.0,1427880.0
100.0,0.184427447,6.714345722101215E-8,100.0,91.0,82.0,81.63265306122449,80.85106382978724,100.0,1427936.0
100.0,0.174314723,6.345924966838004E-8,100.0,91.0,82.0,81.63265306122449,80.85106382978724,100.0,1427880.0
100.0,0.166083957,6.046284049784764E-8,100.0,91.0,82.0,81.63265306122449,80.85106382978724,100.0,1427880.0
100.0,0.180690721,6.570376931432634E-8,100.0,91.0,82.0,81.63265306122449,80.85106382978724,100.0,1427936.0
100.0,0.19486846,7.085915796682238E-8,100.0,91.0,82.0,81.63265306122449,80.85106382978724,100.0,1427936.0
100.0,0.183665819,6.678559106808156E-8,100.0,91.0,82.0,81.63265306122449,80.85106382978724,100.0,1427936.0
100.0,0.192092487,6.9931242078462E-8,100.0,91.0,82.0,81.63265306122449,80.85106382978724,100.0,1427880.0
100.0,0.214795984,7.810531555950641E-8,100.0,91.0,82.0,81.63265306122449,80.85106382978724,100.0,1427936.0
100.0,0.164300476,5.981356449803544E-8,100.0,91.0,82.0,81.63265306122449,80.85106382978724,100.0,1427880.0
100.0,0.181263848,6.712426547124982E-8,100.0,91.0,82.0,81.63265306122449,80.85106382978724,100.0,1452088.0
100.0,0.196717322,7.276341869004898E-8,100.0,91.0,82.0,81.63265306122449,80.85106382978724,100.0,1452144.0
100.0,0.18939485,7.005492260762387E-8,100.0,91.0,82.0,81.63265306122449,80.85106382978724,100.0,1452144.0
100.0,0.166792667,6.16946415290816E-8,100.0,91.0,82.0,81.63265306122449,80.85106382978724,100.0,1452144.0
100.0,0.180391843,6.680135113527998E-8,100.0,90.0,80.0,79.59183673469387,78.72340425531915,100.0,1452088.0
100.0,0.187916576,6.950812647951973E-8,100.0,90.0,80.0,79.59183673469387,78.72340425531915,100.0,1452144.0
100.0,0.185293985,6.853806098124219E-8,100.0,90.0,80.0,79.59183673469387,78.72340425531915,100.0,1452144.0
100.0,0.193194296,7.146029289874765E-8,100.0,89.0,78.0,77.55102040816327,76.59574468085107,100.0,1452144.0
100.0,0.1570047,5.807418790707985E-8,100.0,89.0,78.0,77.55102040816327,76.59574468085107,100.0,1452144.0
100.0,0.193802398,7.177025470578007E-8,100.0,89.0,78.0,77.55102040816327,76.59574468085107,100.0,1452144.0
100.0,0.216090698,7.99294021174146E-8,100.0,90.0,80.0,79.59183673469387,78.72340425531915,100.0,1452144.0
100.0,0.222435691,8.367167375506833E-8,100.0,93.0,86.00000000000001,85.71428571428572,85.10638297872342,100.0,1476392.0
100.0,0.155929414,5.8720749640299214E-8,100.0,94.0,87.99999999999999,87.75510204081631,87.23404255319149,100.0,1476336.0
100.0,0.180114067,6.775192139791325E-8,100.0,93.0,86.00000000000001,85.71428571428572,85.10638297872342,100.0,1476392.0
100.0,0.202736215,7.626149546215311E-8,100.0,93.0,86.00000000000001,85.71428571428572,85.10638297872342,100.0,1476392.0
100.0,0.176472879,6.638224779451266E-8,100.0,93.0,86.00000000000001,85.71428571428572,85.10638297872342,100.0,1476392.0
100.0,0.240760903,9.056490726927295E-8,100.0,93.0,86.00000000000001,85.71428571428572,85.10638297872342,100.0,1476392.0
100.0,0.189503912,7.128401664718985E-8,100.0,93.0,86.00000000000001,85.71428571428572,85.10638297872342,100.0,1476392.0
100.0,0.186876541,7.02957016508095E-8,100.0,93.0,86.00000000000001,85.71428571428572,85.10638297872342,100.0,1476392.0
100.0,0.214204904,8.057557113990188E-8,100.0,93.0,86.00000000000001,85.71428571428572,85.10638297872342,100.0,1476392.0
100.0,0.195012874,7.335627433713526E-8,100.0,93.0,86.00000000000001,85.71428571428572,85.10638297872342,100.0,1476392.0
100.0,0.20328609,7.646833709534257E-8,100.0,93.0,86.00000000000001,85.71428571428572,85.10638297872342,100.0,1476392.0
100.0,0.190563926,7.295703394345939E-8,100.0,91.0,82.0,81.63265306122449,80.85106382978724,100.0,1500544.0
100.0,0.196824059,7.535656530531537E-8,100.0,91.0,82.0,81.63265306122449,80.85106382978724,100.0,1500600.0
100.0,0.176844983,6.770476290177554E-8,100.0,91.0,82.0,81.63265306122449,80.85106382978724,100.0,1500544.0
100.0,0.181547046,6.950493871204555E-8,100.0,92.0,84.00000000000001,83.6734693877551,82.97872340425533,100.0,1500544.0
100.0,0.181506695,6.941248271364925E-8,100.0,92.0,84.00000000000001,83.6734693877551,82.97872340425533,100.0,1500600.0
100.0,0.21608998,8.263795449166662E-8,100.0,92.0,84.00000000000001,83.6734693877551,82.97872340425533,100.0,1500600.0
100.0,0.231315998,8.855888662658631E-8,100.0,92.0,84.00000000000001,83.6734693877551,82.97872340425533,100.0,1500544.0
100.0,0.219401025,8.390417695154126E-8,100.0,92.0,84.00000000000001,83.6734693877551,82.97872340425533,100.0,1500600.0
100.0,0.182475777,6.978308274894332E-8,100.0,92.0,84.00000000000001,83.6734693877551,82.97872340425533,100.0,1500600.0
100.0,0.197527831,7.56231516296789E-8,100.0,92.0,84.00000000000001,83.6734693877551,82.97872340425533,100.0,1500544.0
100.0,0.243376357,9.307291487607897E-8,100.0,92.0,84.00000000000001,83.6734693877551,82.97872340425533,100.0,1500600.0
100.0,0.220606631,8.574908926539123E-8,100.0,92.0,84.00000000000001,83.6734693877551,82.97872340425533,100.0,1524848.0
100.0,0.179803131,6.988889980517328E-8,100.0,92.0,84.00000000000001,83.6734693877551,82.97872340425533,100.0,1524848.0
100.0,0.193643717,7.526869115151465E-8,100.0,92.0,84.00000000000001,83.6734693877551,82.97872340425533,100.0,1524848.0
100.0,0.182219624,7.082818287670612E-8,100.0,92.0,84.00000000000001,83.6734693877551,82.97872340425533,100.0,1524848.0
100.0,0.181707772,7.062922764748335E-8,100.0,92.0,84.00000000000001,83.6734693877551,82.97872340425533,100.0,1524848.0
100.0,0.231208889,8.99715972967777E-8,100.0,92.0,84.00000000000001,83.6734693877551,82.97872340425533,100.0,1524848.0
100.0,0.184508812,7.17962643044773E-8,100.0,92.0,84.00000000000001,83.6734693877551,82.97872340425533,100.0,1524792.0
100.0,0.2312872,8.990059214830399E-8,100.0,92.0,84.00000000000001,83.6734693877551,82.97872340425533,100.0,1524848.0
100.0,0.203966819,7.928124775908887E-8,100.0,92.0,84.00000000000001,83.6734693877551,82.97872340425533,100.0,1524848.0
100.0,0.198238127,7.71386298954466E-8,100.0,92.0,84.00000000000001,83.6734693877551,82.97872340425533,100.0,1524792.0
100.0,0.178020011,6.91958067854494E-8,100.0,92.0,84.00000000000001,83.6734693877551,82.97872340425533,100.0,1524848.0
100.0,0.187915235,7.421889159606978E-8,100.0,91.0,82.0,81.63265306122449,80.85106382978724,100.0,1549056.0
100.0,0.197995408,7.820015084392495E-8,100.0,91.0,82.0,81.63265306122449,80.85106382978724,100.0,1549056.0
100.0,0.222558563,8.790160021391594E-8,100.0,91.0,82.0,81.63265306122449,80.85106382978724,100.0,1549056.0
100.0,0.19526996,7.71237094917231E-8,100.0,91.0,82.0,81.63265306122449,80.85106382978724,100.0,1549056.0
100.0,0.248973014,9.843986794684082E-8,100.0,91.0,82.0,81.63265306122449,80.85106382978724,100.0,1549000.0
100.0,0.231770536,9.163828878983856E-8,100.0,92.0,84.00000000000001,83.6734693877551,82.97872340425533,100.0,1549000.0
