12000.0,0.627793967,2.4424757535354544E-7,12000.0,99.0,98.0,98.00399201596807,97.92099792099792,12000.0,1523672.0
12000.0,0.579903862,2.2561559950711826E-7,12000.0,99.0,98.0,98.00399201596807,97.92099792099792,12000.0,1523672.0
12000.0,0.608309201,2.3667570539562443E-7,12000.0,99.1,98.2,98.20359281437125,98.12889812889813,12000.0,1523728.0
12000.0,0.474986131,1.845951102370003E-7,12000.0,99.0,98.0,98.00399201596807,97.92099792099792,12000.0,1523728.0
12000.0,0.501039932,1.9472046749230062E-7,12000.0,99.0,98.0,98.00399201596807,97.92099792099792,12000.0,1523728.0
12000.0,0.494362161,1.9212526777291674E-7,12000.0,99.0,98.0,98.00399201596807,97.92099792099792,12000.0,1523728.0
12000.0,0.515930374,2.00726272510911E-7,12000.0,98.9,97.8,97.80439121756487,97.71309771309771,12000.0,1523672.0
12000.0,0.554454864,2.1547925310164688E-7,12000.0,98.9,97.8,97.80439121756487,97.71309771309771,12000.0,1523728.0
12000.0,0.5960202,2.3163289902980126E-7,12000.0,98.9,97.8,97.80439121756487,97.71309771309771,12000.0,1523728.0
12000.0,0.570695053,2.217907204963122E-7,12000.0,98.8,97.6,97.60479041916167,97.5051975051975,12000.0,1523728.0
12000.0,0.498667167,1.9379833358531818E-7,12000.0,98.2,96.39999999999999,96.40718562874251,96.25779625779626,12000.0,1523728.0
12000.0,0.559735335,2.2254974149344487E-7,12000.0,99.1,98.2,98.20359281437125,98.12889812889813,12000.0,1558384.0
12000.0,0.575005014,2.286209378279373E-7,12000.0,99.2,98.4,98.40319361277446,98.33679833679834,12000.0,1558384.0
12000.0,0.563437996,2.2402191270877088E-7,12000.0,99.2,98.4,98.40319361277446,98.33679833679834,12000.0,1558384.0
12000.0,0.594405819,2.365868503402546E-7,12000.0,99.2,98.4,98.40319361277446,98.33679833679834,12000.0,1558328.0
12000.0,0.554345811,2.206500994260423E-7,12000.0,99.2,98.4,98.40319361277446,98.33679833679834,12000.0,1558384.0
12000.0,0.647034101,2.572595705700686E-7,12000.0,99.2,98.4,98.40319361277446,98.33679833679834,12000.0,1558384.0
12000.0,0.717877576,2.8542680615784394E-7,12000.0,99.2,98.4,98.40319361277446,98.33679833679834,12000.0,1558384.0
12000.0,0.582759215,2.3194400418773296E-7,12000.0,99.2,98.4,98.40319361277446,98.33679833679834,12000.0,1558280.0
12000.0,0.513116177,2.04014049867791E-7,12000.0,99.2,98.4,98.40319361277446,98.33679833679834,12000.0,1558384.0
12000.0,0.562033365,2.2346343400214488E-7,12000.0,99.2,98.4,98.40319361277446,98.33679833679834,12000.0,1558384.0
12000.0,0.567249745,2.2553745711260578E-7,12000.0,99.0,98.0,98.00399201596807,97.92099792099792,12000.0,1558384.0
12000.0,0.554151638,2.2742424504575217E-7,12000.0,98.8,97.6,97.60479041916167,97.5051975051975,12000.0,1607872.0
12000.0,0.535854336,2.1991501867453255E-7,12000.0,98.9,97.8,97.80439121756487,97.71309771309771,12000.0,1607872.0
12000.0,0.531639088,2.1817847605543004E-7,12000.0,98.9,97.8,97.80439121756487,97.71309771309771,12000.0,1607824.0
12000.0,0.693757328,2.847185242198242E-7,12000.0,98.9,97.8,97.80439121756487,97.71309771309771,12000.0,1607872.0
12000.0,0.563391303,2.3145524000689387E-7,12000.0,98.9,97.8,97.80439121756487,97.71309771309771,12000.0,1607816.0
12000.0,0.53326082,2.188506377761149E-7,12000.0,98.9,97.8,97.80439121756487,97.71309771309771,12000.0,1607872.0
12000.0,0.524460928,2.1523915554391013E-7,12000.0,98.9,97.8,97.80439121756487,97.71309771309771,12000.0,1607872.0
12000.0,0.585616145,2.403373021577692E-7,12000.0,98.9,97.8,97.80439121756487,97.71309771309771,12000.0,1607872.0
12000.0,0.738535282,3.034087676516175E-7,12000.0,98.9,97.8,97.80439121756487,97.71309771309771,12000.0,1607816.0
12000.0,0.533655909,2.1901278259603308E-7,12000.0,98.8,97.6,97.60479041916167,97.5051975051975,12000.0,1607872.0
12000.0,0.736242547,3.02154489746427E-7,12000.0,96.39999999999999,92.8,92.81437125748504,92.5155925155925,12000.0,1607872.0
12000.0,0.770764244,3.298429493959993E-7,12000.0,98.8,97.6,97.60479041916167,97.5051975051975,12000.0,1675680.0
12000.0,0.583453155,2.4993207310202217E-7,12000.0,98.9,97.8,97.80439121756487,97.71309771309771,12000.0,1675624.0
12000.0,0.607400367,2.5993256702693175E-7,12000.0,98.9,97.8,97.80439121756487,97.71309771309771,12000.0,1675680.0
12000.0,0.641025774,2.7432231526169926E-7,12000.0,98.9,97.8,97.80439121756487,97.71309771309771,12000.0,1675680.0
12000.0,0.601822196,2.575454293396324E-7,12000.0,98.9,97.8,97.80439121756487,97.71309771309771,12000.0,1675680.0
12000.0,0.608784524,2.6078319544908075E-7,12000.0,98.9,97.8,97.80439121756487,97.71309771309771,12000.0,1675624.0
12000.0,0.644215884,2.75687499621883E-7,12000.0,98.9,97.8,97.80439121756487,97.71309771309771,12000.0,1675680.0
12000.0,0.773981723,3.315482227060116E-7,12000.0,98.9,97.8,97.80439121756487,97.71309771309771,12000.0,1675624.0
12000.0,0.593093907,2.5381022157752885E-7,12000.0,98.9,97.8,97.80439121756487,97.71309771309771,12000.0,1675680.0
12000.0,0.589950073,2.524648406947963E-7,12000.0,98.8,97.6,97.60479041916167,97.5051975051975,12000.0,1675680.0
12000.0,0.686951676,2.9397597082145513E-7,12000.0,96.6,93.19999999999999,93.21357285429141,92.93139293139292,12000.0,1675680.0
12000.0,0.651497755,2.7672727436536097E-7,12000.0,98.8,97.6,97.60479041916167,97.5051975051975,12000.0,1663360.0
12000.0,0.625497168,2.6594876041412354E-7,12000.0,98.8,97.6,97.60479041916167,97.5051975051975,12000.0,1663304.0
12000.0,0.647376487,2.752514048775037E-7,12000.0,98.8,97.6,97.60479041916167,97.5051975051975,12000.0,1663304.0
12000.0,0.575317533,2.443693037770999E-7,12000.0,98.9,97.8,97.80439121756487,97.71309771309771,12000.0,1663360.0
12000.0,0.553815046,2.3547097016175587E-7,12000.0,98.9,97.8,97.80439121756487,97.71309771309771,12000.0,1663304.0
12000.0,0.635746089,2.703156047951492E-7,12000.0,98.9,97.8,97.80439121756487,97.71309771309771,12000.0,1663360.0
12000.0,0.58778795,2.499082637336105E-7,12000.0,98.9,97.8,97.80439121756487,97.71309771309771,12000.0,1663256.0
12000.0,0.651081014,2.765502613209395E-7,12000.0,98.9,97.8,97.80439121756487,97.71309771309771,12000.0,1663360.0
12000.0,0.765978429,3.2535357375073555E-7,12000.0,98.9,97.8,97.80439121756487,97.71309771309771,12000.0,1663360.0
12000.0,0.556229857,2.3649769901831947E-7,12000.0,98.8,97.6,97.60479041916167,97.5051975051975,12000.0,1663304.0
12000.0,0.630239331,2.67974162755652E-7,12000.0,95.3,90.6,90.61876247504989,90.22869022869023,12000.0,1663360.0
12000.0,0.614442931,2.694038431287288E-7,12000.0,98.9,97.8,97.80439121756487,97.71309771309771,12000.0,1716304.0
12000.0,0.675323099,2.9609688556121247E-7,12000.0,99.0,98.0,98.00399201596807,97.92099792099792,12000.0,1716304.0
12000.0,0.644334804,2.8251000003643333E-7,12000.0,99.0,98.0,98.00399201596807,97.92099792099792,12000.0,1716304.0
12000.0,0.669541481,2.935619225400459E-7,12000.0,99.0,98.0,98.00399201596807,97.92099792099792,12000.0,1716304.0
12000.0,0.667476101,2.929395417079702E-7,12000.0,99.0,98.0,98.00399201596807,97.92099792099792,12000.0,1716248.0
12000.0,0.84931479,3.727565642474219E-7,12000.0,99.0,98.0,98.00399201596807,97.92099792099792,12000.0,1716304.0
12000.0,0.624820395,2.73953864851625E-7,12000.0,99.0,98.0,98.00399201596807,97.92099792099792,12000.0,1716304.0
12000.0,0.815422622,3.578714732467673E-7,12000.0,99.0,98.0,98.00399201596807,97.92099792099792,12000.0,1716256.0
12000.0,0.690540139,3.0306180482950063E-7,12000.0,99.0,98.0,98.00399201596807,97.92099792099792,12000.0,1716248.0
12000.0,0.683344312,2.9961380389443704E-7,12000.0,98.9,97.8,97.80439121756487,97.71309771309771,12000.0,1716304.0
12000.0,0.649936687,2.8496615785486787E-7,12000.0,95.5,90.99999999999999,91.01796407185628,90.64449064449065,12000.0,1716304.0
12000.0,0.674422688,3.0546703861428634E-7,12000.0,98.8,97.6,97.60479041916167,97.5051975051975,12000.0,1772272.0
12000.0,0.739308308,3.348557566137198E-7,12000.0,98.8,97.6,97.60479041916167,97.5051975051975,12000.0,1772272.0
12000.0,0.599309389,2.7170883711785283E-7,12000.0,98.9,97.8,97.80439121756487,97.71309771309771,12000.0,1772272.0
12000.0,0.704535712,3.1910616497920615E-7,12000.0,98.9,97.8,97.80439121756487,97.71309771309771,12000.0,1772272.0
12000.0,0.853069303,3.8638165405278197E-7,12000.0,98.9,97.8,97.80439121756487,97.71309771309771,12000.0,1772272.0
12000.0,0.640040983,2.9016604334546874E-7,12000.0,98.9,97.8,97.80439121756487,97.71309771309771,12000.0,1772216.0
12000.0,0.782513091,3.547565445219353E-7,12000.0,98.8,97.6,97.60479041916167,97.5051975051975,12000.0,1772216.0
12000.0,0.762021356,3.451432033943716E-7,12000.0,98.8,97.6,97.60479041916167,97.5051975051975,12000.0,1772272.0
12000.0,0.689880901,3.127612398888791E-7,12000.0,98.8,97.6,97.60479041916167,97.5051975051975,12000.0,1772216.0
12000.0,0.764759056,3.467076566753785E-7,12000.0,98.7,97.39999999999999,97.40518962075848,97.29729729729729,12000.0,1772216.0
12000.0,0.591761755,2.682783940595264E-7,12000.0,95.3,90.6,90.61876247504989,90.22869022869023,12000.0,1772216.0
12000.0,0.783094489,3.7802591602165044E-7,12000.0,99.0,98.0,98.00399201596807,97.92099792099792,12000.0,1885776.0
12000.0,0.748653651,3.6108254029445354E-7,12000.0,99.1,98.2,98.20359281437125,98.12889812889813,12000.0,1885832.0
12000.0,0.727793906,3.5133047397888785E-7,12000.0,99.1,98.2,98.20359281437125,98.12889812889813,12000.0,1885776.0
12000.0,0.805402342,3.8879466319489397E-7,12000.0,99.1,98.2,98.20359281437125,98.12889812889813,12000.0,1885776.0
12000.0,0.67942201,3.2769148320464625E-7,12000.0,99.1,98.2,98.20359281437125,98.12889812889813,12000.0,1885832.0
12000.0,0.767257241,3.70055222825052E-7,12000.0,99.0,98.0,98.00399201596807,97.92099792099792,12000.0,1885832.0
12000.0,0.697814944,3.3656256440930895E-7,12000.0,99.0,98.0,98.00399201596807,97.92099792099792,12000.0,1885832.0
12000.0,0.763102169,3.6805119339053005E-7,12000.0,99.0,98.0,98.00399201596807,97.92099792099792,12000.0,1885832.0
12000.0,0.708352704,3.416450229597092E-7,12000.0,99.0,98.0,98.00399201596807,97.92099792099792,12000.0,1885832.0
12000.0,0.861392563,4.154575542686963E-7,12000.0,98.9,97.8,97.80439121756487,97.71309771309771,12000.0,1885832.0
12000.0,0.718114413,3.463531849764536E-7,12000.0,95.89999999999999,91.8,91.81636726546905,91.47609147609147,12000.0,1885832.0
12000.0,0.800675529,3.983692987795423E-7,12000.0,98.9,97.8,97.80439121756487,97.71309771309771,12000.0,1943016.0
12000.0,0.758261707,3.7693397023558615E-7,12000.0,98.9,97.8,97.80439121756487,97.71309771309771,12000.0,1943016.0
12000.0,0.818281016,4.0712875908129745E-7,12000.0,98.9,97.8,97.80439121756487,97.71309771309771,12000.0,1943016.0
12000.0,0.940873315,4.6812351465899907E-7,12000.0,98.9,97.8,97.80439121756487,97.71309771309771,12000.0,1943016.0
12000.0,0.683972373,3.400045389425755E-7,12000.0,98.9,97.8,97.80439121756487,97.71309771309771,12000.0,1943016.0
12000.0,0.937004743,4.657876227271557E-7,12000.0,98.9,97.8,97.80439121756487,97.71309771309771,12000.0,1943016.0
12000.0,0.76692317,3.8123008383152384E-7,12000.0,98.9,97.8,97.80439121756487,97.71309771309771,12000.0,1942968.0
12000.0,0.771889819,3.837085420167446E-7,12000.0,98.9,97.8,97.80439121756487,97.71309771309771,12000.0,1943016.0
12000.0,0.786987289,3.915474301281344E-7,12000.0,98.9,97.8,97.80439121756487,97.71309771309771,12000.0,1942960.0
12000.0,0.731207353,3.634851768028736E-7,12000.0,98.9,97.8,97.80439121756487,97.71309771309771,12000.0,1943016.0
12000.0,0.773541146,3.8452942118883136E-7,12000.0,96.6,93.19999999999999,93.21357285429141,92.93139293139292,12000.0,1943016.0
12000.0,0.961115105,4.874838790189268E-7,12000.0,98.8,97.6,97.60479041916167,97.5051975051975,12000.0,1980376.0
12000.0,0.858165334,4.352795130305282E-7,12000.0,98.9,97.8,97.80439121756487,97.71309771309771,12000.0,1980432.0
12000.0,0.879793502,4.4623702911276785E-7,12000.0,98.9,97.8,97.80439121756487,97.71309771309771,12000.0,1980376.0
12000.0,0.895424309,4.537851759139883E-7,12000.0,98.9,97.8,97.80439121756487,97.71309771309771,12000.0,1980432.0
12000.0,0.917868249,4.6515936707535755E-7,12000.0,98.9,97.8,97.80439121756487,97.71309771309771,12000.0,1980432.0
12000.0,0.689334039,3.4934227829983456E-7,12000.0,98.9,97.8,97.80439121756487,97.71309771309771,12000.0,1980432.0
12000.0,0.73990213,3.7529392772774315E-7,12000.0,98.9,97.8,97.80439121756487,97.71309771309771,12000.0,1980432.0
12000.0,0.804643765,4.0777920453868187E-7,12000.0,99.0,98.0,98.00399201596807,97.92099792099792,12000.0,1980432.0
12000.0,0.704173268,3.568625366561363E-7,12000.0,99.0,98.0,98.00399201596807,97.92099792099792,12000.0,1980432.0
12000.0,0.955612606,4.846929754706802E-7,12000.0,98.8,97.6,97.60479041916167,97.5051975051975,12000.0,1980376.0
12000.0,0.706430203,3.583162621107429E-7,12000.0,97.2,94.39999999999999,94.41117764471058,94.17879417879418,12000.0,1980432.0
12000.0,0.868678688,4.7618741668734286E-7,12000.0,99.0,98.0,98.00399201596807,97.92099792099792,12000.0,2140432.0
12000.0,0.943314595,5.175011293652779E-7,12000.0,99.0,98.0,98.00399201596807,97.92099792099792,12000.0,2140376.0
12000.0,0.828886767,4.543745043553474E-7,12000.0,99.0,98.0,98.00399201596807,97.92099792099792,12000.0,2140432.0
12000.0,0.955732672,5.239081819437609E-7,12000.0,99.0,98.0,98.00399201596807,97.92099792099792,12000.0,2140432.0
12000.0,0.785400123,4.305362394677413E-7,12000.0,98.9,97.8,97.80439121756487,97.71309771309771,12000.0,2140432.0
12000.0,1.082250938,5.932622562206496E-7,12000.0,98.9,97.8,97.80439121756487,97.71309771309771,12000.0,2140432.0
12000.0,0.844325392,4.631957845534881E-7,12000.0,98.9,97.8,97.80439121756487,97.71309771309771,12000.0,2140376.0
12000.0,0.893827467,4.899733334713988E-7,12000.0,98.9,97.8,97.80439121756487,97.71309771309771,12000.0,2140432.0
12000.0,1.010150303,5.541817439710577E-7,12000.0,98.9,97.8,97.80439121756487,97.71309771309771,12000.0,2140432.0
12000.0,0.938296982,5.143503830775577E-7,12000.0,98.8,97.6,97.60479041916167,97.5051975051975,12000.0,2140432.0
12000.0,0.877055023,4.811530316491197E-7,12000.0,96.8,93.6,93.6127744510978,93.34719334719334,12000.0,2140384.0
12000.0,0.923138496,5.209354021728039E-7,12000.0,98.9,97.8,97.80439121756487,97.71309771309771,12000.0,2201104.0
12000.0,0.873216726,4.923936169303954E-7,12000.0,98.9,97.8,97.80439121756487,97.71309771309771,12000.0,2201160.0
12000.0,1.090387326,6.153154295430209E-7,12000.0,98.9,97.8,97.80439121756487,97.71309771309771,12000.0,2201104.0
12000.0,0.93454643,5.269765032616755E-7,12000.0,98.9,97.8,97.80439121756487,97.71309771309771,12000.0,2201160.0
12000.0,0.85754763,4.835580522604286E-7,12000.0,98.9,97.8,97.80439121756487,97.71309771309771,12000.0,2201160.0
12000.0,1.200018124,6.766719496602815E-7,12000.0,98.9,97.8,97.80439121756487,97.71309771309771,12000.0,2201160.0
12000.0,0.880261984,4.963663306514422E-7,12000.0,98.9,97.8,97.80439121756487,97.71309771309771,12000.0,2201160.0
12000.0,0.865804247,4.882138328784456E-7,12000.0,98.9,97.8,97.80439121756487,97.71309771309771,12000.0,2201160.0
12000.0,1.186758663,6.691951414797455E-7,12000.0,98.8,97.6,97.60479041916167,97.5051975051975,12000.0,2201160.0
12000.0,1.013691696,5.716053137600421E-7,12000.0,98.7,97.39999999999999,97.40518962075848,97.29729729729729,12000.0,2201160.0
12000.0,0.993810348,5.608161674138158E-7,12000.0,96.2,92.39999999999999,92.41516966067863,92.09979209979208,12000.0,2201104.0
12000.0,0.974327319,5.225549647121318E-7,12000.0,99.0,98.0,98.00399201596807,97.92099792099792,12000.0,2094624.0
12000.0,0.792347303,4.2495474455532307E-7,12000.0,99.0,98.0,98.00399201596807,97.92099792099792,12000.0,2094624.0
12000.0,1.081756975,5.801720498593835E-7,12000.0,99.0,98.0,98.00399201596807,97.92099792099792,12000.0,2094624.0
12000.0,1.026015646,5.502766464968895E-7,12000.0,99.0,98.0,98.00399201596807,97.92099792099792,12000.0,2094624.0
12000.0,0.901738319,4.836237538204777E-7,12000.0,99.0,98.0,98.00399201596807,97.92099792099792,12000.0,2094624.0
12000.0,0.898372549,4.821997629231296E-7,12000.0,99.0,98.0,98.00399201596807,97.92099792099792,12000.0,2094568.0
12000.0,1.080696354,5.796032135367021E-7,12000.0,99.1,98.2,98.20359281437125,98.12889812889813,12000.0,2094624.0
12000.0,0.816439054,4.382339427251162E-7,12000.0,98.9,97.8,97.80439121756487,97.71309771309771,12000.0,2094624.0
12000.0,0.860902794,4.620879429461062E-7,12000.0,98.8,97.6,97.60479041916167,97.5051975051975,12000.0,2094568.0
12000.0,1.052872865,5.646808132005546E-7,12000.0,98.8,97.6,97.60479041916167,97.5051975051975,12000.0,2094624.0
12000.0,0.963271974,5.166257196794823E-7,12000.0,95.6,91.19999999999999,91.21756487025947,90.85239085239084,12000.0,2094624.0
12000.0,0.940001985,5.649033031372353E-7,12000.0,99.0,98.0,98.00399201596807,97.92099792099792,12000.0,2344472.0
12000.0,1.269772034,7.630818101281839E-7,12000.0,99.0,98.0,98.00399201596807,97.92099792099792,12000.0,2344472.0
12000.0,0.949957576,5.713030120141308E-7,12000.0,99.1,98.2,98.20359281437125,98.12889812889813,12000.0,2344472.0
12000.0,0.970158823,5.834379556868577E-7,12000.0,99.0,98.0,98.00399201596807,97.92099792099792,12000.0,2344416.0
12000.0,0.995074547,5.97999693019891E-7,12000.0,99.0,98.0,98.00399201596807,97.92099792099792,12000.0,2344472.0
12000.0,1.046560818,6.293870560295879E-7,12000.0,99.0,98.0,98.00399201596807,97.92099792099792,12000.0,2344424.0
12000.0,1.038735845,6.246790768045828E-7,12000.0,99.0,98.0,98.00399201596807,97.92099792099792,12000.0,2344416.0
12000.0,1.089192625,6.545608641615965E-7,12000.0,99.0,98.0,98.00399201596807,97.92099792099792,12000.0,2344472.0
12000.0,1.009530855,6.066873514192178E-7,12000.0,98.9,97.8,97.80439121756487,97.71309771309771,12000.0,2344472.0
12000.0,1.056214819,6.347425320336927E-7,12000.0,98.9,97.8,97.80439121756487,97.71309771309771,12000.0,2344472.0
12000.0,0.93732204,5.632927642161648E-7,12000.0,96.2,92.39999999999999,92.41516966067863,92.09979209979208,12000.0,2344472.0
12000.0,1.36831725,8.442788799013942E-7,12000.0,99.0,98.0,98.00399201596807,97.92099792099792,12000.0,2404856.0
12000.0,1.170215842,7.215498958842995E-7,12000.0,99.1,98.2,98.20359281437125,98.12889812889813,12000.0,2404912.0
12000.0,1.368715169,8.439437001633167E-7,12000.0,99.1,98.2,98.20359281437125,98.12889812889813,12000.0,2404912.0
12000.0,1.103438365,6.808433547427878E-7,12000.0,99.1,98.2,98.20359281437125,98.12889812889813,12000.0,2404856.0
12000.0,1.206316547,7.438094304070766E-7,12000.0,99.1,98.2,98.20359281437125,98.12889812889813,12000.0,2404912.0
12000.0,1.193440604,7.358701810843333E-7,12000.0,99.1,98.2,98.20359281437125,98.12889812889813,12000.0,2404912.0
12000.0,1.220811563,7.532649456698076E-7,12000.0,99.0,98.0,98.00399201596807,97.92099792099792,12000.0,2404856.0
12000.0,1.459783534,9.007365393354951E-7,12000.0,99.0,98.0,98.00399201596807,97.92099792099792,12000.0,2404912.0
12000.0,1.288032336,7.94195023328364E-7,12000.0,99.0,98.0,98.00399201596807,97.92099792099792,12000.0,2404912.0
12000.0,1.22427295,7.548660662498118E-7,12000.0,98.9,97.8,97.80439121756487,97.71309771309771,12000.0,2404864.0
12000.0,1.052273528,6.488271883865032E-7,12000.0,96.39999999999999,92.8,92.81437125748504,92.5155925155925,12000.0,2404912.0
12000.0,1.019812595,6.415325674866223E-7,12000.0,99.0,98.0,98.00399201596807,97.92099792099792,12000.0,2453128.0
12000.0,1.056444202,6.645763786781E-7,12000.0,99.0,98.0,98.00399201596807,97.92099792099792,12000.0,2453128.0
12000.0,1.168017066,7.352758921912312E-7,12000.0,99.1,98.2,98.20359281437125,98.12889812889813,12000.0,2453128.0
12000.0,1.128973574,7.102023637517127E-7,12000.0,99.1,98.2,98.20359281437125,98.12889812889813,12000.0,2453128.0
12000.0,1.213465182,7.633534215804438E-7,12000.0,99.1,98.2,98.20359281437125,98.12889812889813,12000.0,2453128.0
12000.0,1.099570742,6.917059513747528E-7,12000.0,99.1,98.2,98.20359281437125,98.12889812889813,12000.0,2453128.0
12000.0,1.07988394,6.793215930185384E-7,12000.0,99.0,98.0,98.00399201596807,97.92099792099792,12000.0,2453128.0
12000.0,1.24185432,7.812121504088244E-7,12000.0,99.0,98.0,98.00399201596807,97.92099792099792,12000.0,2453128.0
12000.0,1.250775409,7.868241316287137E-7,12000.0,99.0,98.0,98.00399201596807,97.92099792099792,12000.0,2453128.0
12000.0,1.228639707,7.734205199629627E-7,12000.0,98.9,97.8,97.80439121756487,97.71309771309771,12000.0,2453072.0
12000.0,1.244417706,7.828246972729265E-7,12000.0,96.3,92.6,92.61477045908183,92.3076923076923,12000.0,2453128.0
12000.0,1.117601107,6.610952176992389E-7,12000.0,98.8,97.6,97.60479041916167,97.5051975051975,12000.0,2308024.0
12000.0,1.226876343,7.257348601262893E-7,12000.0,98.9,97.8,97.80439121756487,97.71309771309771,12000.0,2308024.0
12000.0,1.153796859,6.825061114415154E-7,12000.0,98.9,97.8,97.80439121756487,97.71309771309771,12000.0,2308024.0
12000.0,1.143955515,6.766846556346243E-7,12000.0,98.9,97.8,97.80439121756487,97.71309771309771,12000.0,2308024.0
12000.0,1.143611496,6.769663569836317E-7,12000.0,98.9,97.8,97.80439121756487,97.71309771309771,12000.0,2307968.0
12000.0,1.136811044,6.729407965267947E-7,12000.0,98.9,97.8,97.80439121756487,97.71309771309771,12000.0,2307968.0
12000.0,1.120620665,6.633730580615293E-7,12000.0,98.9,97.8,97.80439121756487,97.71309771309771,12000.0,2308024.0
12000.0,1.37548874,8.13643635745926E-7,12000.0,98.9,97.8,97.80439121756487,97.71309771309771,12000.0,2308024.0
12000.0,1.318778743,7.806574561717796E-7,12000.0,98.9,97.8,97.80439121756487,97.71309771309771,12000.0,2307968.0
12000.0,1.16877476,6.918788051497606E-7,12000.0,98.8,97.6,97.60479041916167,97.5051975051975,12000.0,2308024.0
12000.0,1.172866269,6.937862503715729E-7,12000.0,95.5,90.99999999999999,91.01796407185628,90.64449064449065,12000.0,2308024.0
12000.0,1.198826513,7.25478078868294E-7,12000.0,99.0,98.0,98.00399201596807,97.92099792099792,12000.0,2360696.0
12000.0,1.217207475,7.366014439715072E-7,12000.0,99.0,98.0,98.00399201596807,97.92099792099792,12000.0,2360696.0
12000.0,1.331709496,8.064581298498478E-7,12000.0,99.0,98.0,98.00399201596807,97.92099792099792,12000.0,2360640.0
12000.0,1.050359351,6.356321584663086E-7,12000.0,99.0,98.0,98.00399201596807,97.92099792099792,12000.0,2360696.0
12000.0,1.138975415,6.892587768055292E-7,12000.0,99.0,98.0,98.00399201596807,97.92099792099792,12000.0,2360696.0
12000.0,1.106264959,6.694638202205259E-7,12000.0,99.0,98.0,98.00399201596807,97.92099792099792,12000.0,2360696.0
12000.0,1.170300472,7.082153496927355E-7,12000.0,99.0,98.0,98.00399201596807,97.92099792099792,12000.0,2360696.0
12000.0,1.096860663,6.63772746056579E-7,12000.0,99.0,98.0,98.00399201596807,97.92099792099792,12000.0,2360696.0
12000.0,1.360138342,8.230970375187778E-7,12000.0,99.0,98.0,98.00399201596807,97.92099792099792,12000.0,2360696.0
12000.0,1.03583741,6.268441063637949E-7,12000.0,99.0,98.0,98.00399201596807,97.92099792099792,12000.0,2360696.0
12000.0,1.20272753,7.27838806036156E-7,12000.0,95.39999999999999,90.8,90.81836327345309,90.43659043659042,12000.0,2360696.0
12000.0,1.216864322,7.912451741070467E-7,12000.0,98.9,97.8,97.80439121756487,97.71309771309771,12000.0,2533240.0
12000.0,1.323533605,8.600243387161237E-7,12000.0,98.9,97.8,97.80439121756487,97.71309771309771,12000.0,2533240.0
12000.0,1.384990256,9.005461171244581E-7,12000.0,99.0,98.0,98.00399201596807,97.92099792099792,12000.0,2533184.0
12000.0,1.204815936,7.833934631049631E-7,12000.0,99.0,98.0,98.00399201596807,97.92099792099792,12000.0,2533184.0
12000.0,1.149832129,7.476419813280614E-7,12000.0,99.0,98.0,98.00399201596807,97.92099792099792,12000.0,2533184.0
12000.0,1.326666688,8.62060197590457E-7,12000.0,99.0,98.0,98.00399201596807,97.92099792099792,12000.0,2533240.0
12000.0,1.210393114,7.865063142498748E-7,12000.0,99.0,98.0,98.00399201596807,97.92099792099792,12000.0,2533240.0
12000.0,1.104096234,7.17435227891182E-7,12000.0,99.0,98.0,98.00399201596807,97.92099792099792,12000.0,2533240.0
12000.0,1.172253088,7.617231500632232E-7,12000.0,99.1,98.2,98.20359281437125,98.12889812889813,12000.0,2533240.0
12000.0,1.104000736,7.173731738534238E-7,12000.0,99.0,98.0,98.00399201596807,97.92099792099792,12000.0,2533240.0
12000.0,1.200166303,7.798609927149904E-7,12000.0,96.5,93.0,93.01397205588822,92.72349272349271,12000.0,2533240.0
12000.0,1.223692295,7.708759831593062E-7,12000.0,98.9,97.8,97.80439121756487,97.71309771309771,12000.0,2454872.0
12000.0,1.208504207,7.612906024324666E-7,12000.0,99.0,98.0,98.00399201596807,97.92099792099792,12000.0,2454816.0
12000.0,1.255795543,7.910815203827226E-7,12000.0,99.0,98.0,98.00399201596807,97.92099792099792,12000.0,2454816.0
12000.0,1.164713963,7.332110259714267E-7,12000.0,99.0,98.0,98.00399201596807,97.92099792099792,12000.0,2454872.0
12000.0,1.467421859,9.243943584059696E-7,12000.0,99.0,98.0,98.00399201596807,97.92099792099792,12000.0,2454816.0
12000.0,1.210933012,7.623018409768408E-7,12000.0,99.0,98.0,98.00399201596807,97.92099792099792,12000.0,2454856.0
12000.0,1.047678459,6.595348061535631E-7,12000.0,99.0,98.0,98.00399201596807,97.92099792099792,12000.0,2454872.0
12000.0,1.610550133,1.0138739234770793E-6,12000.0,98.9,97.8,97.80439121756487,97.71309771309771,12000.0,2454872.0
12000.0,1.396198898,8.789354802838879E-7,12000.0,98.9,97.8,97.80439121756487,97.71309771309771,12000.0,2454872.0
12000.0,1.173735329,7.388901585573248E-7,12000.0,98.9,97.8,97.80439121756487,97.71309771309771,12000.0,2454872.0
12000.0,1.399118286,8.80773294149513E-7,12000.0,96.2,92.39999999999999,92.41516966067863,92.09979209979208,12000.0,2454872.0
12000.0,1.302342659,8.902990694612037E-7,12000.0,99.0,98.0,98.00399201596807,97.92099792099792,12000.0,2662272.0
12000.0,1.398044746,9.551291642153347E-7,12000.0,99.1,98.2,98.20359281437125,98.12889812889813,12000.0,2662328.0
12000.0,1.441532284,9.848393833929135E-7,12000.0,99.1,98.2,98.20359281437125,98.12889812889813,12000.0,2662328.0
12000.0,1.544618464,1.0559220890665718E-6,12000.0,99.1,98.2,98.20359281437125,98.12889812889813,12000.0,2662272.0
12000.0,1.250381247,8.542470466804627E-7,12000.0,99.1,98.2,98.20359281437125,98.12889812889813,12000.0,2662328.0
12000.0,1.200341481,8.200604156632099E-7,12000.0,99.1,98.2,98.20359281437125,98.12889812889813,12000.0,2662328.0
12000.0,1.249395461,8.535735682664356E-7,12000.0,99.1,98.2,98.20359281437125,98.12889812889813,12000.0,2662328.0
12000.0,1.700079907,1.1622011542340615E-6,12000.0,99.1,98.2,98.20359281437125,98.12889812889813,12000.0,2662280.0
12000.0,1.476921609,1.009016990373023E-6,12000.0,99.1,98.2,98.20359281437125,98.12889812889813,12000.0,2662328.0
12000.0,1.279990831,8.75019057298785E-7,12000.0,99.0,98.0,98.00399201596807,97.92099792099792,12000.0,2662272.0
12000.0,1.299768878,8.879881460655646E-7,12000.0,96.7,93.39999999999999,93.41317365269461,93.13929313929313,12000.0,2662328.0
12000.0,1.488887641,1.0846287211677081E-6,12000.0,98.9,97.8,97.80439121756487,97.71309771309771,12000.0,2837408.0
12000.0,1.475573668,1.0755557640868094E-6,12000.0,98.9,97.8,97.80439121756487,97.71309771309771,12000.0,2837352.0
12000.0,1.670685299,1.2170651494635249E-6,12000.0,98.9,97.8,97.80439121756487,97.71309771309771,12000.0,2837408.0
12000.0,1.557404634,1.1352029162899156E-6,12000.0,98.9,97.8,97.80439121756487,97.71309771309771,12000.0,2837352.0
12000.0,1.358480093,9.896290931750565E-7,12000.0,98.9,97.8,97.80439121756487,97.71309771309771,12000.0,2837408.0
12000.0,1.502930908,1.0948589966483993E-6,12000.0,98.9,97.8,97.80439121756487,97.71309771309771,12000.0,2837408.0
12000.0,1.446775118,1.054564303530438E-6,12000.0,98.9,97.8,97.80439121756487,97.71309771309771,12000.0,2837352.0
12000.0,1.376954853,1.0036917819148114E-6,12000.0,98.9,97.8,97.80439121756487,97.71309771309771,12000.0,2837408.0
12000.0,1.462761084,1.065595979322667E-6,12000.0,98.9,97.8,97.80439121756487,97.71309771309771,12000.0,2837408.0
12000.0,1.596321553,1.1628924553634868E-6,12000.0,98.8,97.6,97.60479041916167,97.5051975051975,12000.0,2837408.0
12000.0,1.652856859,1.204077441361772E-6,12000.0,96.7,93.39999999999999,93.41317365269461,93.13929313929313,12000.0,2837408.0
12000.0,1.400936889,9.967802569876735E-7,12000.0,98.9,97.8,97.80439121756487,97.71309771309771,12000.0,2771800.0
12000.0,1.323864624,9.419425889124473E-7,12000.0,98.9,97.8,97.80439121756487,97.71309771309771,12000.0,2771800.0
12000.0,1.606275266,1.1428805144672178E-6,12000.0,98.9,97.8,97.80439121756487,97.71309771309771,12000.0,2771800.0
12000.0,1.188106768,8.458536276762683E-7,12000.0,98.9,97.8,97.80439121756487,97.71309771309771,12000.0,2771744.0
12000.0,1.404908615,1.000222591429183E-6,12000.0,98.9,97.8,97.80439121756487,97.71309771309771,12000.0,2771800.0
12000.0,1.274373363,9.072697514568456E-7,12000.0,98.9,97.8,97.80439121756487,97.71309771309771,12000.0,2771744.0
12000.0,1.179841126,8.3996903593832E-7,12000.0,98.9,97.8,97.80439121756487,97.71309771309771,12000.0,2771744.0
12000.0,1.250976169,8.906124930728537E-7,12000.0,98.9,97.8,97.80439121756487,97.71309771309771,12000.0,2771744.0
12000.0,1.398363509,9.949492720247764E-7,12000.0,98.9,97.8,97.80439121756487,97.71309771309771,12000.0,2771800.0
12000.0,1.370475547,9.751067151276808E-7,12000.0,98.8,97.6,97.60479041916167,97.5051975051975,12000.0,2771800.0
12000.0,1.397201335,9.947354049373625E-7,12000.0,96.89999999999999,93.8,93.81237524950099,93.55509355509355,12000.0,2771800.0
12000.0,1.484666616,1.0647769750594596E-6,12000.0,98.8,97.6,97.60479041916167,97.5051975051975,12000.0,2792032.0
12000.0,1.459695738,1.0462489934401958E-6,12000.0,98.8,97.6,97.60479041916167,97.5051975051975,12000.0,2792088.0
12000.0,1.362272658,9.764201950582117E-7,12000.0,98.9,97.8,97.80439121756487,97.71309771309771,12000.0,2792088.0
12000.0,1.419704905,1.0175852331209306E-6,12000.0,98.9,97.8,97.80439121756487,97.71309771309771,12000.0,2792088.0
12000.0,1.498912222,1.0743577327090253E-6,12000.0,98.9,97.8,97.80439121756487,97.71309771309771,12000.0,2792088.0
12000.0,1.561798664,1.1200947331773407E-6,12000.0,98.9,97.8,97.80439121756487,97.71309771309771,12000.0,2792032.0
12000.0,1.440289658,1.032339525091375E-6,12000.0,98.9,97.8,97.80439121756487,97.71309771309771,12000.0,2792088.0
12000.0,1.479695483,1.0605839760880048E-6,12000.0,98.9,97.8,97.80439121756487,97.71309771309771,12000.0,2792088.0
12000.0,1.403055125,1.005651365594628E-6,12000.0,98.9,97.8,97.80439121756487,97.71309771309771,12000.0,2792088.0
12000.0,1.583969079,1.135322938474007E-6,12000.0,98.8,97.6,97.60479041916167,97.5051975051975,12000.0,2792088.0
12000.0,1.504194328,1.0781437258731326E-6,12000.0,96.7,93.39999999999999,93.41317365269461,93.13929313929313,12000.0,2792088.0
12000.0,1.670827275,1.174991915377788E-6,12000.0,99.0,98.0,98.00399201596807,97.92099792099792,12000.0,2739832.0
12000.0,1.588893456,1.1180666575565936E-6,12000.0,99.0,98.0,98.00399201596807,97.92099792099792,12000.0,2739824.0
12000.0,1.497020299,1.0527825554216075E-6,12000.0,99.0,98.0,98.00399201596807,97.92099792099792,12000.0,2739880.0
12000.0,1.380587492,9.709009482247961E-7,12000.0,99.0,98.0,98.00399201596807,97.92099792099792,12000.0,2739880.0
12000.0,1.528960281,1.0752444124134879E-6,12000.0,99.0,98.0,98.00399201596807,97.92099792099792,12000.0,2739880.0
12000.0,1.448876325,1.0189252082568903E-6,12000.0,99.0,98.0,98.00399201596807,97.92099792099792,12000.0,2739880.0
12000.0,1.609928078,1.1328682223963861E-6,12000.0,99.0,98.0,98.00399201596807,97.92099792099792,12000.0,2739824.0
12000.0,1.555271094,1.0944299300783376E-6,12000.0,99.0,98.0,98.00399201596807,97.92099792099792,12000.0,2739880.0
12000.0,1.561414954,1.098068226892915E-6,12000.0,99.0,98.0,98.00399201596807,97.92099792099792,12000.0,2739880.0
12000.0,1.606776016,1.1299684855606821E-6,12000.0,98.9,97.8,97.80439121756487,97.71309771309771,12000.0,2739880.0
12000.0,1.532636959,1.0778300436590282E-6,12000.0,96.2,92.39999999999999,92.41516966067863,92.09979209979208,12000.0,2739880.0
12000.0,1.567953655,1.1895234789673032E-6,12000.0,99.0,98.0,98.00399201596807,97.92099792099792,12000.0,2954008.0
12000.0,1.610537788,1.2225131091197084E-6,12000.0,99.0,98.0,98.00399201596807,97.92099792099792,12000.0,2953952.0
12000.0,1.928497833,1.4630492707331104E-6,12000.0,99.0,98.0,98.00399201596807,97.92099792099792,12000.0,2954008.0
12000.0,1.698088471,1.288970325136228E-6,12000.0,99.0,98.0,98.00399201596807,97.92099792099792,12000.0,2953952.0
12000.0,1.620019085,1.2297100901283634E-6,12000.0,99.0,98.0,98.00399201596807,97.92099792099792,12000.0,2953952.0
12000.0,1.461443006,1.1093395301733291E-6,12000.0,99.0,98.0,98.00399201596807,97.92099792099792,12000.0,2953952.0
12000.0,1.430553965,1.0859132685900771E-6,12000.0,99.0,98.0,98.00399201596807,97.92099792099792,12000.0,2954008.0
12000.0,1.535018789,1.1645375386885762E-6,12000.0,99.0,98.0,98.00399201596807,97.92099792099792,12000.0,2954008.0
12000.0,1.567268338,1.1890035652189371E-6,12000.0,99.0,98.0,98.00399201596807,97.92099792099792,12000.0,2954008.0
12000.0,1.520654525,1.1536401315926472E-6,12000.0,98.9,97.8,97.80439121756487,97.71309771309771,12000.0,2954008.0
12000.0,1.598879246,1.212985088612545E-6,12000.0,96.8,93.6,93.6127744510978,93.34719334719334,12000.0,2954008.0
12000.0,1.704446254,1.2402378220346074E-6,12000.0,98.9,97.8,97.80439121756487,97.71309771309771,12000.0,2834184.0
12000.0,1.512339816,1.1004706332805752E-6,12000.0,98.9,97.8,97.80439121756487,97.71309771309771,12000.0,2834232.0
12000.0,1.488987873,1.0841100678127818E-6,12000.0,98.9,97.8,97.80439121756487,97.71309771309771,12000.0,2834176.0
12000.0,1.814912405,1.3206408920461311E-6,12000.0,98.9,97.8,97.80439121756487,97.71309771309771,12000.0,2834232.0
12000.0,1.819117653,1.3237008868176116E-6,12000.0,98.9,97.8,97.80439121756487,97.71309771309771,12000.0,2834232.0
12000.0,1.736352091,1.2634756190144644E-6,12000.0,98.9,97.8,97.80439121756487,97.71309771309771,12000.0,2834232.0
12000.0,1.749022172,1.2726734235243997E-6,12000.0,98.9,97.8,97.80439121756487,97.71309771309771,12000.0,2834184.0
12000.0,1.68871153,1.229525911192244E-6,12000.0,99.0,98.0,98.00399201596807,97.92099792099792,12000.0,2834176.0
12000.0,1.807653445,1.3153588302874937E-6,12000.0,99.0,98.0,98.00399201596807,97.92099792099792,12000.0,2834232.0
12000.0,1.342713119,9.770232357974102E-7,12000.0,98.9,97.8,97.80439121756487,97.71309771309771,12000.0,2834184.0
12000.0,1.481869363,1.0782984743818269E-6,12000.0,96.1,92.19999999999999,92.21556886227545,91.89189189189189,12000.0,2834232.0
12000.0,1.412794011,1.0498826171659056E-6,12000.0,99.0,98.0,98.00399201596807,97.92099792099792,12000.0,2892312.0
12000.0,1.314715034,9.764208330276857E-7,12000.0,99.1,98.2,98.20359281437125,98.12889812889813,12000.0,2892312.0
12000.0,1.545187706,1.1475897270956884E-6,12000.0,99.1,98.2,98.20359281437125,98.12889812889813,12000.0,2892312.0
12000.0,1.55419649,1.1542804274758944E-6,12000.0,99.1,98.2,98.20359281437125,98.12889812889813,12000.0,2892312.0
12000.0,1.576382654,1.1714265979052128E-6,12000.0,99.1,98.2,98.20359281437125,98.12889812889813,12000.0,2892256.0
12000.0,1.63493925,1.2142469684686511E-6,12000.0,99.1,98.2,98.20359281437125,98.12889812889813,12000.0,2892312.0
12000.0,1.978820921,1.4704827241461705E-6,12000.0,99.1,98.2,98.20359281437125,98.12889812889813,12000.0,2892256.0
12000.0,1.516149524,1.1266667228976804E-6,12000.0,99.2,98.4,98.40319361277446,98.33679833679834,12000.0,2892256.0
12000.0,1.557882143,1.1576786728026076E-6,12000.0,99.2,98.4,98.40319361277446,98.33679833679834,12000.0,2892256.0
12000.0,1.521018623,1.130285001785716E-6,12000.0,99.1,98.2,98.20359281437125,98.12889812889813,12000.0,2892256.0
12000.0,1.709708922,1.2705027556758746E-6,12000.0,95.89999999999999,91.8,91.81636726546905,91.47609147609147,12000.0,2892256.0
12000.0,1.659438802,1.251826113403249E-6,12000.0,99.0,98.0,98.00399201596807,97.92099792099792,12000.0,2937464.0
12000.0,2.078785636,1.5681675878471963E-6,12000.0,99.1,98.2,98.20359281437125,98.12889812889813,12000.0,2937464.0
12000.0,1.915864221,1.4452650249543661E-6,12000.0,99.1,98.2,98.20359281437125,98.12889812889813,12000.0,2937464.0
12000.0,2.101591277,1.585371414166246E-6,12000.0,99.1,98.2,98.20359281437125,98.12889812889813,12000.0,2937464.0
12000.0,1.703763731,1.2852633835996977E-6,12000.0,99.1,98.2,98.20359281437125,98.12889812889813,12000.0,2937464.0
12000.0,1.673350296,1.2623204874317844E-6,12000.0,99.1,98.2,98.20359281437125,98.12889812889813,12000.0,2937464.0
12000.0,1.729940481,1.3049887820263952E-6,12000.0,99.1,98.2,98.20359281437125,98.12889812889813,12000.0,2937416.0
12000.0,1.669003104,1.2590411086086431E-6,12000.0,99.1,98.2,98.20359281437125,98.12889812889813,12000.0,2937464.0
12000.0,1.755997819,1.3246670635000328E-6,12000.0,99.1,98.2,98.20359281437125,98.12889812889813,12000.0,2937464.0
12000.0,1.661159978,1.2538292910004117E-6,12000.0,99.0,98.0,98.00399201596807,97.92099792099792,12000.0,2937408.0
12000.0,1.664487652,1.2563409907688615E-6,12000.0,96.39999999999999,92.8,92.81437125748504,92.5155925155925,12000.0,2937408.0
12000.0,1.765409367,1.3565279599960584E-6,12000.0,98.9,97.8,97.80439121756487,97.71309771309771,12000.0,2991680.0
12000.0,1.758751098,1.351411793608529E-6,12000.0,99.0,98.0,98.00399201596807,97.92099792099792,12000.0,2991680.0
12000.0,1.93230102,1.4847663152559349E-6,12000.0,99.0,98.0,98.00399201596807,97.92099792099792,12000.0,2991680.0
12000.0,1.796372919,1.380320132403169E-6,12000.0,99.0,98.0,98.00399201596807,97.92099792099792,12000.0,2991680.0
12000.0,1.832005713,1.4077001170443062E-6,12000.0,99.0,98.0,98.00399201596807,97.92099792099792,12000.0,2991680.0
12000.0,1.690374688,1.2988718480848603E-6,12000.0,99.0,98.0,98.00399201596807,97.92099792099792,12000.0,2991680.0
12000.0,1.812486002,1.3934702923375698E-6,12000.0,98.9,97.8,97.80439121756487,97.71309771309771,12000.0,2991624.0
12000.0,2.035402803,1.5639637147117966E-6,12000.0,98.9,97.8,97.80439121756487,97.71309771309771,12000.0,2991632.0
12000.0,1.848359848,1.4210545451584955E-6,12000.0,98.9,97.8,97.80439121756487,97.71309771309771,12000.0,2991632.0
12000.0,2.288200816,1.7592411416549484E-6,12000.0,98.8,97.6,97.60479041916167,97.5051975051975,12000.0,2991680.0
12000.0,1.92879911,1.4828938026039135E-6,12000.0,96.2,92.39999999999999,92.41516966067863,92.09979209979208,12000.0,2991624.0
