600.0,0.243602004,6.52322671760122E-8,600.0,82.66666666666667,65.33333333333333,66.12377850162866,61.048689138576776,600.0,1053808.0
600.0,0.291116962,7.795592455246382E-8,600.0,83.33333333333334,66.66666666666667,67.42671009771986,62.54681647940076,600.0,1053808.0
600.0,0.293606247,7.862251062947015E-8,600.0,83.5,67.0,67.75244299674266,62.92134831460673,600.0,1053808.0
600.0,0.26044827,6.963289624992759E-8,600.0,83.33333333333334,66.66666666666667,67.42671009771986,62.54681647940076,600.0,1053864.0
600.0,0.288779038,7.720735020512094E-8,600.0,83.33333333333334,66.66666666666667,67.42671009771986,62.54681647940076,600.0,1053864.0
600.0,0.254049084,6.79220234734565E-8,600.0,83.33333333333334,66.66666666666667,67.42671009771986,62.54681647940076,600.0,1053864.0
600.0,0.294057331,7.874330287059975E-8,600.0,83.16666666666667,66.33333333333333,67.10097719869707,62.172284644194754,600.0,1053808.0
600.0,0.234244307,6.262706036199506E-8,600.0,82.83333333333334,65.66666666666667,66.44951140065146,61.423220973782776,600.0,1053864.0
600.0,0.320774606,8.576161730392527E-8,600.0,82.33333333333334,64.66666666666667,65.47231270358306,60.2996254681648,600.0,1053864.0
600.0,0.363944491,9.746310903989814E-8,600.0,82.33333333333334,64.66666666666667,65.47231270358306,60.2996254681648,600.0,1053864.0
600.0,0.297735803,7.960201187048729E-8,600.0,50.5,1.0000000000000009,3.257328990228012,-11.235955056179787,600.0,1053864.0
600.0,0.342604653,9.493770865129306E-8,600.0,83.0,65.99999999999999,66.77524429967426,61.79775280898875,600.0,1090928.0
600.0,0.35226781,9.761542471814902E-8,600.0,83.0,65.99999999999999,66.77524429967426,61.79775280898875,600.0,1090928.0
600.0,0.33431336,9.2498305091593E-8,600.0,83.5,67.0,67.75244299674266,62.92134831460673,600.0,1090984.0
600.0,0.364282042,1.0079008347229824E-7,600.0,83.5,67.0,67.75244299674266,62.92134831460673,600.0,1090984.0
600.0,0.339612349,9.411344414597584E-8,600.0,83.5,67.0,67.75244299674266,62.92134831460673,600.0,1090984.0
600.0,0.392099623,1.0865872833401794E-7,600.0,83.0,65.99999999999999,66.77524429967426,61.79775280898875,600.0,1090984.0
600.0,0.298671288,8.263680494109789E-8,600.0,83.33333333333334,66.66666666666667,67.42671009771986,62.54681647940076,600.0,1090984.0
600.0,0.330975505,9.157478253137735E-8,600.0,83.16666666666667,66.33333333333333,67.10097719869707,62.172284644194754,600.0,1090984.0
600.0,0.308089013,8.524251474676861E-8,600.0,82.5,64.99999999999999,65.79804560260585,60.67415730337077,600.0,1090984.0
600.0,0.352132481,9.742852532186442E-8,600.0,82.0,63.99999999999999,64.82084690553745,59.5505617977528,600.0,1090984.0
600.0,0.309926776,8.57509896777736E-8,600.0,50.66666666666667,1.333333333333342,3.583061889250821,-10.861423220973785,600.0,1090984.0
600.0,0.350652112,1.0062354428354238E-7,600.0,81.5,62.999999999999986,63.84364820846904,58.42696629213482,600.0,1129024.0
600.0,0.414042965,1.1863859267750134E-7,600.0,81.83333333333334,63.66666666666667,64.49511400651465,59.176029962546814,600.0,1129080.0
600.0,0.317864482,9.121476724683824E-8,600.0,81.83333333333334,63.66666666666667,64.49511400651465,59.176029962546814,600.0,1129024.0
600.0,0.379956041,1.0887143073075762E-7,600.0,82.16666666666667,64.33333333333333,65.14657980456026,59.92509363295879,600.0,1129080.0
600.0,0.408180494,1.1713195674032387E-7,600.0,82.33333333333334,64.66666666666667,65.47231270358306,60.2996254681648,600.0,1129024.0
600.0,0.369684938,1.060852265159082E-7,600.0,81.83333333333334,63.66666666666667,64.49511400651465,59.176029962546814,600.0,1129024.0
600.0,0.36253757,1.0388039583650727E-7,600.0,81.83333333333334,63.66666666666667,64.49511400651465,59.176029962546814,600.0,1129080.0
600.0,0.361352385,1.0369410726381465E-7,600.0,81.5,62.999999999999986,63.84364820846904,58.42696629213482,600.0,1129024.0
600.0,0.332785185,9.535523931030184E-8,600.0,81.5,62.999999999999986,63.84364820846904,58.42696629213482,600.0,1129080.0
600.0,0.361165428,1.0364045786224306E-7,600.0,80.66666666666666,61.33333333333333,62.21498371335503,56.554307116104866,600.0,1129024.0
600.0,0.357048389,1.0246420013308111E-7,600.0,48.833333333333336,-2.3333333333333317,0.0,-14.981273408239712,600.0,1129080.0
600.0,0.353405642,1.0478623357657758E-7,600.0,80.5,61.00000000000001,61.88925081433225,56.17977528089888,600.0,1165912.0
600.0,0.386536778,1.1444575670166564E-7,600.0,80.66666666666666,61.33333333333333,62.21498371335503,56.554307116104866,600.0,1165968.0
600.0,0.456382885,1.353194117595959E-7,600.0,80.5,61.00000000000001,61.88925081433225,56.17977528089888,600.0,1165912.0
600.0,0.378854806,1.1233201589103375E-7,600.0,80.16666666666666,60.33333333333333,61.23778501628663,55.43071161048688,600.0,1165912.0
600.0,0.393325716,1.164558245421201E-7,600.0,80.5,61.00000000000001,61.88925081433225,56.17977528089888,600.0,1165968.0
600.0,0.435925474,1.2906875510164847E-7,600.0,80.66666666666666,61.33333333333333,62.21498371335503,56.554307116104866,600.0,1165968.0
600.0,0.384416794,1.1381807212704171E-7,600.0,81.0,62.000000000000014,62.86644951140066,57.30337078651686,600.0,1165968.0
600.0,0.382018509,1.1310798823015765E-7,600.0,81.5,62.999999999999986,63.84364820846904,58.42696629213482,600.0,1165968.0
600.0,0.407596616,1.2068115067477028E-7,600.0,81.33333333333333,62.66666666666667,63.51791530944625,58.052434456928836,600.0,1165968.0
600.0,0.357329158,1.0579796854124714E-7,600.0,80.83333333333333,61.66666666666667,62.54071661237784,56.92883895131086,600.0,1165968.0
600.0,0.414038481,1.2258845718855038E-7,600.0,49.833333333333336,-0.33333333333332993,1.9543973941368094,-12.734082397003753,600.0,1165968.0
600.0,0.40694645,1.2416746090073137E-7,600.0,82.0,63.99999999999999,64.82084690553745,59.5505617977528,600.0,1200912.0
600.0,0.392481372,1.197538777204603E-7,600.0,81.83333333333334,63.66666666666667,64.49511400651465,59.176029962546814,600.0,1200912.0
600.0,0.411762606,1.2563696594696492E-7,600.0,81.66666666666667,63.33333333333333,64.16938110749184,58.801498127340814,600.0,1200912.0
600.0,0.369013534,1.1259337329220027E-7,600.0,81.33333333333333,62.66666666666667,63.51791530944625,58.052434456928836,600.0,1200912.0
600.0,0.432889126,1.3208308765675873E-7,600.0,82.0,63.99999999999999,64.82084690553745,59.5505617977528,600.0,1200912.0
600.0,0.395369751,1.2080292283481607E-7,600.0,81.5,62.999999999999986,63.84364820846904,58.42696629213482,600.0,1200856.0
600.0,0.429077071,1.3091995380913839E-7,600.0,81.5,62.999999999999986,63.84364820846904,58.42696629213482,600.0,1200912.0
600.0,0.42753523,1.3044950743447988E-7,600.0,81.66666666666667,63.33333333333333,64.16938110749184,58.801498127340814,600.0,1200912.0
600.0,0.472958637,1.4450975469180693E-7,600.0,81.5,62.999999999999986,63.84364820846904,58.42696629213482,600.0,1200856.0
600.0,0.405295988,1.2384169831107888E-7,600.0,81.0,62.000000000000014,62.86644951140066,57.30337078651686,600.0,1200912.0
600.0,0.354232267,1.0823360438619637E-7,600.0,49.5,-1.0000000000000009,1.3029315960912027,-13.483146067415744,600.0,1200856.0
600.0,0.484497615,1.5389029861095672E-7,600.0,82.16666666666667,64.33333333333333,65.14657980456026,59.92509363295879,600.0,1247568.0
600.0,0.513107205,1.6275982702759402E-7,600.0,82.33333333333334,64.66666666666667,65.47231270358306,60.2996254681648,600.0,1247624.0
600.0,0.537599846,1.7075708584064824E-7,600.0,82.0,63.99999999999999,64.82084690553745,59.5505617977528,600.0,1247568.0
600.0,0.519243763,1.6470636979466512E-7,600.0,81.66666666666667,63.33333333333333,64.16938110749184,58.801498127340814,600.0,1247624.0
600.0,0.547125715,1.7355064568962484E-7,600.0,81.83333333333334,63.66666666666667,64.49511400651465,59.176029962546814,600.0,1247624.0
600.0,0.42182822,1.3398470648473336E-7,600.0,81.66666666666667,63.33333333333333,64.16938110749184,58.801498127340814,600.0,1247568.0
600.0,0.523954632,1.664229756364723E-7,600.0,81.5,62.999999999999986,63.84364820846904,58.42696629213482,600.0,1247568.0
600.0,0.523916318,1.661885244714386E-7,600.0,81.5,62.999999999999986,63.84364820846904,58.42696629213482,600.0,1247624.0
600.0,0.530310441,1.684417623438624E-7,600.0,82.16666666666667,64.33333333333333,65.14657980456026,59.92509363295879,600.0,1247568.0
600.0,0.470803582,1.49340934649888E-7,600.0,81.33333333333333,62.66666666666667,63.51791530944625,58.052434456928836,600.0,1247624.0
600.0,0.482157416,1.5294241995341248E-7,600.0,49.666666666666664,-0.666666666666671,1.6286644951140006,-13.108614232209757,600.0,1247624.0
600.0,0.474788769,1.5454636431309703E-7,600.0,82.33333333333334,64.66666666666667,65.47231270358306,60.2996254681648,600.0,1278016.0
600.0,0.484927093,1.5764070510425916E-7,600.0,82.5,64.99999999999999,65.79804560260585,60.67415730337077,600.0,1278072.0
600.0,0.465290191,1.5125711647407464E-7,600.0,82.5,64.99999999999999,65.79804560260585,60.67415730337077,600.0,1278072.0
600.0,0.503766015,1.6397861778981362E-7,600.0,82.83333333333334,65.66666666666667,66.44951140065146,61.423220973782776,600.0,1278016.0
600.0,0.449462428,1.4630250056049062E-7,600.0,83.33333333333334,66.66666666666667,67.42671009771986,62.54681647940076,600.0,1278016.0
600.0,0.474763623,1.545381791513351E-7,600.0,83.33333333333334,66.66666666666667,67.42671009771986,62.54681647940076,600.0,1278016.0
600.0,0.467235305,1.5208767009918682E-7,600.0,83.83333333333334,67.66666666666667,68.40390879478826,63.670411985018724,600.0,1278016.0
600.0,0.459185748,1.494674948762109E-7,600.0,83.66666666666667,67.33333333333333,68.07817589576547,63.29588014981273,600.0,1278016.0
600.0,0.534913758,1.7389043259970844E-7,600.0,83.5,67.0,67.75244299674266,62.92134831460673,600.0,1278072.0
600.0,0.484424779,1.5747741224170976E-7,600.0,82.83333333333334,65.66666666666667,66.44951140065146,61.423220973782776,600.0,1278072.0
600.0,0.480066783,1.562713418382282E-7,600.0,49.666666666666664,-0.666666666666671,1.6286644951140006,-13.108614232209757,600.0,1278072.0
600.0,0.4748294,1.6016103489241667E-7,600.0,83.0,65.99999999999999,66.77524429967426,61.79775280898875,600.0,1325312.0
600.0,0.525047967,1.7709987158099192E-7,600.0,83.0,65.99999999999999,66.77524429967426,61.79775280898875,600.0,1325312.0
600.0,0.475828792,1.6049813208349875E-7,600.0,82.5,64.99999999999999,65.79804560260585,60.67415730337077,600.0,1325312.0
600.0,0.484806455,1.6373200663410956E-7,600.0,82.33333333333334,64.66666666666667,65.47231270358306,60.2996254681648,600.0,1325256.0
600.0,0.489037561,1.6516804822855318E-7,600.0,82.16666666666667,64.33333333333333,65.14657980456026,59.92509363295879,600.0,1325312.0
600.0,0.503700724,1.701131027299828E-7,600.0,81.0,62.000000000000014,62.86644951140066,57.30337078651686,600.0,1325256.0
600.0,0.551007119,1.8608972783489357E-7,600.0,81.5,62.999999999999986,63.84364820846904,58.42696629213482,600.0,1325256.0
600.0,0.46670766,1.574215535470595E-7,600.0,81.83333333333334,63.66666666666667,64.49511400651465,59.176029962546814,600.0,1325312.0
600.0,0.539227253,1.8188257694800487E-7,600.0,81.83333333333334,63.66666666666667,64.49511400651465,59.176029962546814,600.0,1325312.0
600.0,0.472032963,1.5921779034199196E-7,600.0,81.16666666666667,62.33333333333333,63.192182410423435,57.67790262172284,600.0,1325312.0
600.0,0.551165781,1.859094695531639E-7,600.0,49.666666666666664,-0.666666666666671,1.6286644951140006,-13.108614232209757,600.0,1325312.0
600.0,0.550433138,1.905858815141395E-7,600.0,82.33333333333334,64.66666666666667,65.47231270358306,60.2996254681648,600.0,1359888.0
600.0,0.547273311,1.8949180055743082E-7,600.0,81.83333333333334,63.66666666666667,64.49511400651465,59.176029962546814,600.0,1359888.0
600.0,0.508812667,1.761749138471298E-7,600.0,81.83333333333334,63.66666666666667,64.49511400651465,59.176029962546814,600.0,1359888.0
600.0,0.635417218,2.2029016671667907E-7,600.0,82.0,63.99999999999999,64.82084690553745,59.5505617977528,600.0,1359888.0
600.0,0.61084227,2.1150236869286747E-7,600.0,81.5,62.999999999999986,63.84364820846904,58.42696629213482,600.0,1359888.0
600.0,0.574104362,1.9878197433833037E-7,600.0,81.83333333333334,63.66666666666667,64.49511400651465,59.176029962546814,600.0,1359888.0
600.0,0.529465065,1.8332574690291657E-7,600.0,82.16666666666667,64.33333333333333,65.14657980456026,59.92509363295879,600.0,1359888.0
600.0,0.505677153,1.7508925119632855E-7,600.0,82.33333333333334,64.66666666666667,65.47231270358306,60.2996254681648,600.0,1359888.0
600.0,0.506392513,1.7533694252664224E-7,600.0,82.66666666666667,65.33333333333333,66.12377850162866,61.048689138576776,600.0,1359888.0
600.0,0.671001812,2.3233243605621158E-7,600.0,81.0,62.000000000000014,62.86644951140066,57.30337078651686,600.0,1359888.0
600.0,0.601467053,2.0825622693108396E-7,600.0,50.0,0.0,2.2801302931596075,-12.359550561797764,600.0,1359888.0
600.0,0.600884826,2.118662501919518E-7,600.0,81.33333333333333,62.66666666666667,63.51791530944625,58.052434456928836,600.0,1384408.0
600.0,0.519777927,1.8348925806233661E-7,600.0,81.33333333333333,62.66666666666667,63.51791530944625,58.052434456928836,600.0,1384352.0
600.0,0.623888757,2.2024191330341622E-7,600.0,81.33333333333333,62.66666666666667,63.51791530944625,58.052434456928836,600.0,1384352.0
600.0,0.659655079,2.3286795136023933E-7,600.0,81.16666666666667,62.33333333333333,63.192182410423435,57.67790262172284,600.0,1384352.0
600.0,0.615864579,2.1714796801804257E-7,600.0,81.5,62.999999999999986,63.84364820846904,58.42696629213482,600.0,1384408.0
600.0,0.561796873,1.980842113195153E-7,600.0,81.16666666666667,62.33333333333333,63.192182410423435,57.67790262172284,600.0,1384408.0
600.0,0.497733912,1.7570739633455872E-7,600.0,81.33333333333333,62.66666666666667,63.51791530944625,58.052434456928836,600.0,1384352.0
600.0,0.578945849,2.0413077645569626E-7,600.0,81.33333333333333,62.66666666666667,63.51791530944625,58.052434456928836,600.0,1384408.0
600.0,0.602130633,2.1256969851726046E-7,600.0,81.33333333333333,62.66666666666667,63.51791530944625,58.052434456928836,600.0,1384408.0
600.0,0.591202749,2.0845244232178978E-7,600.0,81.0,62.000000000000014,62.86644951140066,57.30337078651686,600.0,1384408.0
600.0,0.510744779,1.8030782315520364E-7,600.0,49.5,-1.0000000000000009,1.3029315960912027,-13.483146067415744,600.0,1384408.0
600.0,0.641726179,2.3370930659818564E-7,600.0,81.33333333333333,62.66666666666667,63.51791530944625,58.052434456928836,600.0,1427544.0
600.0,0.776731243,2.828766008853705E-7,600.0,81.5,62.999999999999986,63.84364820846904,58.42696629213482,600.0,1427544.0
600.0,0.767712894,2.792665048065906E-7,600.0,81.66666666666667,63.33333333333333,64.16938110749184,58.801498127340814,600.0,1427600.0
600.0,0.727958567,2.6511415225555084E-7,600.0,81.83333333333334,63.66666666666667,64.49511400651465,59.176029962546814,600.0,1427544.0
600.0,0.670791388,2.4400992590482867E-7,600.0,81.66666666666667,63.33333333333333,64.16938110749184,58.801498127340814,600.0,1427600.0
600.0,0.652792793,2.3773964035885615E-7,600.0,81.5,62.999999999999986,63.84364820846904,58.42696629213482,600.0,1427544.0
600.0,0.614425187,2.235059170943478E-7,600.0,82.5,64.99999999999999,65.79804560260585,60.67415730337077,600.0,1427600.0
600.0,0.667388161,2.4277195358890007E-7,600.0,82.83333333333334,65.66666666666667,66.44951140065146,61.423220973782776,600.0,1427600.0
600.0,0.689036777,2.506469461433693E-7,600.0,82.33333333333334,64.66666666666667,65.47231270358306,60.2996254681648,600.0,1427600.0
600.0,0.659229124,2.3980398761700424E-7,600.0,81.83333333333334,63.66666666666667,64.49511400651465,59.176029962546814,600.0,1427600.0
600.0,0.709689462,2.5815965460495405E-7,600.0,49.666666666666664,-0.666666666666671,1.6286644951140006,-13.108614232209757,600.0,1427600.0
600.0,0.577088784,2.1478167466878892E-7,600.0,81.66666666666667,63.33333333333333,64.16938110749184,58.801498127340814,600.0,1460136.0
600.0,0.519974152,1.935246746210257E-7,600.0,82.0,63.99999999999999,64.82084690553745,59.5505617977528,600.0,1460136.0
600.0,0.62650277,2.3317263799955446E-7,600.0,81.16666666666667,62.33333333333333,63.192182410423435,57.67790262172284,600.0,1460136.0
600.0,0.575463922,2.1442941984486248E-7,600.0,80.5,61.00000000000001,61.88925081433225,56.17977528089888,600.0,1460136.0
600.0,0.589928967,2.198108398081921E-7,600.0,80.83333333333333,61.66666666666667,62.54071661237784,56.92883895131086,600.0,1460080.0
600.0,0.536912729,1.998288968402644E-7,600.0,80.83333333333333,61.66666666666667,62.54071661237784,56.92883895131086,600.0,1460136.0
600.0,0.620193485,2.308244398785134E-7,600.0,81.33333333333333,62.66666666666667,63.51791530944625,58.052434456928836,600.0,1460136.0
600.0,0.566689333,2.1091119310105843E-7,600.0,81.5,62.999999999999986,63.84364820846904,58.42696629213482,600.0,1460136.0
600.0,0.578681159,2.1561984350052763E-7,600.0,81.33333333333333,62.66666666666667,63.51791530944625,58.052434456928836,600.0,1460080.0
600.0,0.607762173,2.264555923235106E-7,600.0,81.16666666666667,62.33333333333333,63.192182410423435,57.67790262172284,600.0,1460080.0
600.0,0.583051033,2.170007124676804E-7,600.0,49.166666666666664,-1.6666666666666718,0.6514657980455959,-14.232209737827734,600.0,1460136.0
600.0,0.5608842,2.147380845372876E-7,600.0,82.16666666666667,64.33333333333333,65.14657980456026,59.92509363295879,600.0,1501400.0
600.0,0.709843853,2.717682354286106E-7,600.0,82.16666666666667,64.33333333333333,65.14657980456026,59.92509363295879,600.0,1501400.0
600.0,0.632327189,2.420904874245119E-7,600.0,82.33333333333334,64.66666666666667,65.47231270358306,60.2996254681648,600.0,1501400.0
600.0,0.603379003,2.312634853451306E-7,600.0,82.33333333333334,64.66666666666667,65.47231270358306,60.2996254681648,600.0,1501344.0
600.0,0.533081636,2.0409369601897066E-7,600.0,82.16666666666667,64.33333333333333,65.14657980456026,59.92509363295879,600.0,1501400.0
600.0,0.598315365,2.2906884420942518E-7,600.0,82.16666666666667,64.33333333333333,65.14657980456026,59.92509363295879,600.0,1501400.0
600.0,0.604312809,2.3136500380293775E-7,600.0,82.5,64.99999999999999,65.79804560260585,60.67415730337077,600.0,1501400.0
600.0,0.580977466,2.2243091926669908E-7,600.0,82.0,63.99999999999999,64.82084690553745,59.5505617977528,600.0,1501400.0
600.0,0.565639297,2.1655860367754686E-7,600.0,82.0,63.99999999999999,64.82084690553745,59.5505617977528,600.0,1501400.0
600.0,0.592991568,2.272821826979518E-7,600.0,81.5,62.999999999999986,63.84364820846904,58.42696629213482,600.0,1501344.0
600.0,0.624936479,2.392609070783895E-7,600.0,49.833333333333336,-0.33333333333332993,1.9543973941368094,-12.734082397003753,600.0,1501400.0
600.0,0.79180674,3.1350992381908E-7,600.0,82.0,63.99999999999999,64.82084690553745,59.5505617977528,600.0,1550288.0
600.0,0.724981434,2.870509464766458E-7,600.0,82.33333333333334,64.66666666666667,65.47231270358306,60.2996254681648,600.0,1550288.0
600.0,0.721847395,2.8550378970731464E-7,600.0,82.33333333333334,64.66666666666667,65.47231270358306,60.2996254681648,600.0,1550344.0
600.0,0.738740627,2.9218537059243354E-7,600.0,82.16666666666667,64.33333333333333,65.14657980456026,59.92509363295879,600.0,1550344.0
600.0,0.715233013,2.831911324959434E-7,600.0,81.83333333333334,63.66666666666667,64.49511400651465,59.176029962546814,600.0,1550288.0
600.0,0.770952422,3.049257220981353E-7,600.0,81.66666666666667,63.33333333333333,64.16938110749184,58.801498127340814,600.0,1550344.0
600.0,0.769427856,3.043227284824848E-7,600.0,81.83333333333334,63.66666666666667,64.49511400651465,59.176029962546814,600.0,1550344.0
600.0,0.768237636,3.038519747983416E-7,600.0,81.66666666666667,63.33333333333333,64.16938110749184,58.801498127340814,600.0,1550344.0
600.0,0.825884908,3.266525206426448E-7,600.0,81.83333333333334,63.66666666666667,64.49511400651465,59.176029962546814,600.0,1550344.0
600.0,0.647055901,2.559223918623146E-7,600.0,80.66666666666666,61.33333333333333,62.21498371335503,56.554307116104866,600.0,1550344.0
600.0,0.729276623,2.8844218466903595E-7,600.0,49.5,-1.0000000000000009,1.3029315960912027,-13.483146067415744,600.0,1550344.0
600.0,0.715060097,2.8685939618755956E-7,600.0,83.16666666666667,66.33333333333333,67.10097719869707,62.172284644194754,600.0,1570488.0
600.0,0.794563126,3.1840486624769865E-7,600.0,83.0,65.99999999999999,66.77524429967426,61.79775280898875,600.0,1570488.0
600.0,0.731508394,2.9313697644539177E-7,600.0,83.33333333333334,66.66666666666667,67.42671009771986,62.54681647940076,600.0,1570488.0
600.0,0.81390809,3.2615696356184775E-7,600.0,83.16666666666667,66.33333333333333,67.10097719869707,62.172284644194754,600.0,1570488.0
600.0,0.777695856,3.1164565395534037E-7,600.0,83.16666666666667,66.33333333333333,67.10097719869707,62.172284644194754,600.0,1570488.0
600.0,0.907615418,3.640933253830464E-7,600.0,83.0,65.99999999999999,66.77524429967426,61.79775280898875,600.0,1570432.0
600.0,0.751993135,3.0134581600110977E-7,600.0,83.16666666666667,66.33333333333333,67.10097719869707,62.172284644194754,600.0,1570488.0
600.0,0.751975988,3.0165798492321536E-7,600.0,82.83333333333334,65.66666666666667,66.44951140065146,61.423220973782776,600.0,1570432.0
600.0,0.798892939,3.201399499484524E-7,600.0,82.16666666666667,64.33333333333333,65.14657980456026,59.92509363295879,600.0,1570488.0
600.0,0.934614922,3.7492427756840567E-7,600.0,81.33333333333333,62.66666666666667,63.51791530944625,58.052434456928836,600.0,1570432.0
600.0,0.795292853,3.1869728936705736E-7,600.0,49.166666666666664,-1.6666666666666718,0.6514657980455959,-14.232209737827734,600.0,1570488.0
600.0,0.645750976,2.6690775822612976E-7,600.0,81.66666666666667,63.33333333333333,64.16938110749184,58.801498127340814,600.0,1619192.0
600.0,0.716403633,2.961105670385932E-7,600.0,81.66666666666667,63.33333333333333,64.16938110749184,58.801498127340814,600.0,1619192.0
600.0,0.788180693,3.2611252525586843E-7,600.0,81.0,62.000000000000014,62.86644951140066,57.30337078651686,600.0,1619136.0
600.0,0.61470565,2.540758173169775E-7,600.0,82.0,63.99999999999999,64.82084690553745,59.5505617977528,600.0,1619192.0
600.0,0.732177951,3.0263055386231596E-7,600.0,81.66666666666667,63.33333333333333,64.16938110749184,58.801498127340814,600.0,1619192.0
600.0,0.744425655,3.076928880120938E-7,600.0,81.66666666666667,63.33333333333333,64.16938110749184,58.801498127340814,600.0,1619192.0
600.0,0.760999385,3.145432951878549E-7,600.0,82.0,63.99999999999999,64.82084690553745,59.5505617977528,600.0,1619192.0
600.0,0.845894305,3.4963284769979204E-7,600.0,81.66666666666667,63.33333333333333,64.16938110749184,58.801498127340814,600.0,1619192.0
600.0,0.669445298,2.7670131426050433E-7,600.0,81.83333333333334,63.66666666666667,64.49511400651465,59.176029962546814,600.0,1619192.0
600.0,0.586174267,2.425316582213942E-7,600.0,81.16666666666667,62.33333333333333,63.192182410423435,57.67790262172284,600.0,1619136.0
600.0,0.771929295,3.1938845235255237E-7,600.0,49.333333333333336,-1.3333333333333308,0.9771986970684047,-13.857677902621731,600.0,1619136.0
600.0,0.994031135,4.2414375291712994E-7,600.0,81.83333333333334,63.66666666666667,64.49511400651465,59.176029962546814,600.0,1669144.0
600.0,0.879807353,3.7539279153889045E-7,600.0,82.0,63.99999999999999,64.82084690553745,59.5505617977528,600.0,1669088.0
600.0,1.019163245,4.344202238936185E-7,600.0,82.0,63.99999999999999,64.82084690553745,59.5505617977528,600.0,1669144.0
600.0,0.881179639,3.756044558542511E-7,600.0,82.16666666666667,64.33333333333333,65.14657980456026,59.92509363295879,600.0,1669144.0
600.0,0.909142684,3.8792264784433776E-7,600.0,82.5,64.99999999999999,65.79804560260585,60.67415730337077,600.0,1669144.0
600.0,0.908515467,3.872564032516256E-7,600.0,81.66666666666667,63.33333333333333,64.16938110749184,58.801498127340814,600.0,1669144.0
600.0,0.773019233,3.29500882141735E-7,600.0,82.5,64.99999999999999,65.79804560260585,60.67415730337077,600.0,1669144.0
600.0,0.910158634,3.8795680623371566E-7,600.0,82.33333333333334,64.66666666666667,65.47231270358306,60.2996254681648,600.0,1669144.0
600.0,0.87422848,3.726415114349789E-7,600.0,81.66666666666667,63.33333333333333,64.16938110749184,58.801498127340814,600.0,1669144.0
600.0,0.808828711,3.447647385715983E-7,600.0,80.83333333333333,61.66666666666667,62.54071661237784,56.92883895131086,600.0,1669144.0
600.0,1.009129825,4.301434600050044E-7,600.0,48.66666666666667,-2.6666666666666616,-0.32573289902279795,-15.3558052434457,600.0,1669144.0
600.0,0.864885964,3.7610016416729324E-7,600.0,82.66666666666667,65.33333333333333,66.12377850162866,61.048689138576776,600.0,1700704.0
600.0,0.843782688,3.6656530374884604E-7,600.0,82.33333333333334,64.66666666666667,65.47231270358306,60.2996254681648,600.0,1700760.0
600.0,0.684915465,2.9783905572459723E-7,600.0,82.16666666666667,64.33333333333333,65.14657980456026,59.92509363295879,600.0,1700704.0
600.0,0.775873583,3.3706348763474576E-7,600.0,82.5,64.99999999999999,65.79804560260585,60.67415730337077,600.0,1700760.0
600.0,0.767741076,3.3385620387010273E-7,600.0,82.66666666666667,65.33333333333333,66.12377850162866,61.048689138576776,600.0,1700704.0
600.0,0.693421946,3.0124394571793574E-7,600.0,82.5,64.99999999999999,65.79804560260585,60.67415730337077,600.0,1700760.0
600.0,0.759085772,3.2977034317230185E-7,600.0,82.16666666666667,64.33333333333333,65.14657980456026,59.92509363295879,600.0,1700760.0
600.0,0.712012126,3.093200950338194E-7,600.0,82.33333333333334,64.66666666666667,65.47231270358306,60.2996254681648,600.0,1700760.0
600.0,0.867351151,3.7717216356836466E-7,600.0,83.0,65.99999999999999,66.77524429967426,61.79775280898875,600.0,1700704.0
600.0,0.704995544,3.065811960572335E-7,600.0,82.66666666666667,65.33333333333333,66.12377850162866,61.048689138576776,600.0,1700760.0
600.0,0.692626937,3.0089856921316436E-7,600.0,49.666666666666664,-0.666666666666671,1.6286644951140006,-13.108614232209757,600.0,1700760.0
600.0,0.933789457,4.145433503200425E-7,600.0,81.83333333333334,63.66666666666667,64.49511400651465,59.176029962546814,600.0,1737504.0
600.0,0.954525811,4.2415395343508153E-7,600.0,81.66666666666667,63.33333333333333,64.16938110749184,58.801498127340814,600.0,1737448.0
600.0,1.083077858,4.812774574083255E-7,600.0,81.83333333333334,63.66666666666667,64.49511400651465,59.176029962546814,600.0,1737448.0
600.0,1.205378764,5.35640661319635E-7,600.0,81.83333333333334,63.66666666666667,64.49511400651465,59.176029962546814,600.0,1737504.0
600.0,0.989576688,4.3930934598475694E-7,600.0,82.16666666666667,64.33333333333333,65.14657980456026,59.92509363295879,600.0,1737504.0
600.0,1.158180299,5.146500460755743E-7,600.0,82.33333333333334,64.66666666666667,65.47231270358306,60.2996254681648,600.0,1737448.0
600.0,1.047042327,4.6526467623295883E-7,600.0,82.33333333333334,64.66666666666667,65.47231270358306,60.2996254681648,600.0,1737448.0
600.0,0.919669223,4.082748611378359E-7,600.0,82.5,64.99999999999999,65.79804560260585,60.67415730337077,600.0,1737504.0
600.0,1.036020778,4.5992757906378557E-7,600.0,82.83333333333334,65.66666666666667,66.44951140065146,61.423220973782776,600.0,1737504.0
600.0,1.371161101,6.092903880475048E-7,600.0,81.33333333333333,62.66666666666667,63.51791530944625,58.052434456928836,600.0,1737448.0
600.0,1.238359026,5.497529402252659E-7,600.0,48.833333333333336,-2.3333333333333317,0.0,-14.981273408239712,600.0,1737504.0
600.0,0.757967349,3.4215559629751365E-7,600.0,81.66666666666667,63.33333333333333,64.16938110749184,58.801498127340814,600.0,1764704.0
600.0,0.746970924,3.3687476078843074E-7,600.0,81.83333333333334,63.66666666666667,64.49511400651465,59.176029962546814,600.0,1764760.0
600.0,0.922702238,4.165189105631784E-7,600.0,82.66666666666667,65.33333333333333,66.12377850162866,61.048689138576776,600.0,1764704.0
600.0,0.834716147,3.7680092868478963E-7,600.0,82.5,64.99999999999999,65.79804560260585,60.67415730337077,600.0,1764704.0
600.0,0.796018941,3.5899481722321363E-7,600.0,82.33333333333334,64.66666666666667,65.47231270358306,60.2996254681648,600.0,1764760.0
600.0,0.781799184,3.5292489994823935E-7,600.0,81.83333333333334,63.66666666666667,64.49511400651465,59.176029962546814,600.0,1764760.0
600.0,0.901679157,4.0702883843136945E-7,600.0,82.83333333333334,65.66666666666667,66.44951140065146,61.423220973782776,600.0,1764704.0
600.0,0.785524238,3.5426183438669477E-7,600.0,82.5,64.99999999999999,65.79804560260585,60.67415730337077,600.0,1764760.0
600.0,0.801910058,3.6165163901692465E-7,600.0,82.16666666666667,64.33333333333333,65.14657980456026,59.92509363295879,600.0,1764760.0
600.0,1.029182731,4.6458548839734866E-7,600.0,81.5,62.999999999999986,63.84364820846904,58.42696629213482,600.0,1764704.0
600.0,0.768638607,3.466466211017842E-7,600.0,49.666666666666664,-0.666666666666671,1.6286644951140006,-13.108614232209757,600.0,1764760.0
600.0,0.754261057,3.469451666365378E-7,600.0,83.16666666666667,66.33333333333333,67.10097719869707,62.172284644194754,600.0,1797824.0
600.0,0.805102027,3.6998942721086656E-7,600.0,83.33333333333334,66.66666666666667,67.42671009771986,62.54681647940076,600.0,1797880.0
600.0,0.973252872,4.4767706979140634E-7,600.0,83.5,67.0,67.75244299674266,62.92134831460673,600.0,1797824.0
600.0,0.898311283,4.1282429544079216E-7,600.0,83.0,65.99999999999999,66.77524429967426,61.79775280898875,600.0,1797880.0
600.0,0.888627229,4.0837393080080963E-7,600.0,83.66666666666667,67.33333333333333,68.07817589576547,63.29588014981273,600.0,1797880.0
600.0,0.962711718,4.4241989855530364E-7,600.0,83.5,67.0,67.75244299674266,62.92134831460673,600.0,1797880.0
600.0,0.718592774,3.3023358522748784E-7,600.0,83.33333333333334,66.66666666666667,67.42671009771986,62.54681647940076,600.0,1797880.0
600.0,0.696030241,3.1986483893057123E-7,600.0,83.16666666666667,66.33333333333333,67.10097719869707,62.172284644194754,600.0,1797880.0
600.0,0.902886558,4.1530995722506193E-7,600.0,82.66666666666667,65.33333333333333,66.12377850162866,61.048689138576776,600.0,1797824.0
600.0,0.941128157,4.325010446662911E-7,600.0,81.5,62.999999999999986,63.84364820846904,58.42696629213482,600.0,1797880.0
600.0,0.940672851,4.3269090457716956E-7,600.0,49.833333333333336,-0.33333333333332993,1.9543973941368094,-12.734082397003753,600.0,1797824.0
600.0,0.793568444,3.7707916840028436E-7,600.0,81.66666666666667,63.33333333333333,64.16938110749184,58.801498127340814,600.0,1856536.0
600.0,0.964884833,4.5807404434729984E-7,600.0,81.33333333333333,62.66666666666667,63.51791530944625,58.052434456928836,600.0,1856592.0
600.0,0.963804417,4.575611224837043E-7,600.0,82.0,63.99999999999999,64.82084690553745,59.5505617977528,600.0,1856592.0
600.0,0.933947344,4.4378287779443795E-7,600.0,81.83333333333334,63.66666666666667,64.49511400651465,59.176029962546814,600.0,1856536.0
600.0,0.932747466,4.4281699690196663E-7,600.0,81.33333333333333,62.66666666666667,63.51791530944625,58.052434456928836,600.0,1856592.0
600.0,0.817785666,3.8823948166865857E-7,600.0,81.83333333333334,63.66666666666667,64.49511400651465,59.176029962546814,600.0,1856592.0
600.0,0.797426005,3.789121620190847E-7,600.0,82.0,63.99999999999999,64.82084690553745,59.5505617977528,600.0,1856536.0
600.0,0.973025879,4.623517883799267E-7,600.0,82.16666666666667,64.33333333333333,65.14657980456026,59.92509363295879,600.0,1856536.0
600.0,0.924625588,4.3935346779573293E-7,600.0,81.5,62.999999999999986,63.84364820846904,58.42696629213482,600.0,1856536.0
600.0,0.988300808,4.696099619731969E-7,600.0,81.33333333333333,62.66666666666667,63.51791530944625,58.052434456928836,600.0,1856536.0
600.0,0.836083633,3.969263461112914E-7,600.0,50.5,1.0000000000000009,3.257328990228012,-11.235955056179787,600.0,1856592.0
600.0,0.937197831,4.5342342422490316E-7,600.0,82.0,63.99999999999999,64.82084690553745,59.5505617977528,600.0,1891624.0
600.0,0.900059121,4.354554344339668E-7,600.0,82.0,63.99999999999999,64.82084690553745,59.5505617977528,600.0,1891624.0
600.0,0.994634026,4.816334838778153E-7,600.0,81.66666666666667,63.33333333333333,64.16938110749184,58.801498127340814,600.0,1891568.0
600.0,1.133217766,5.482593566226628E-7,600.0,81.66666666666667,63.33333333333333,64.16938110749184,58.801498127340814,600.0,1891624.0
600.0,0.845799563,4.0957534841104514E-7,600.0,81.16666666666667,62.33333333333333,63.192182410423435,57.67790262172284,600.0,1891624.0
600.0,0.966305822,4.6791606498014183E-7,600.0,81.5,62.999999999999986,63.84364820846904,58.42696629213482,600.0,1891568.0
600.0,1.136376504,5.502697075621784E-7,600.0,81.66666666666667,63.33333333333333,64.16938110749184,58.801498127340814,600.0,1891568.0
600.0,1.147745103,5.557747453952395E-7,600.0,82.0,63.99999999999999,64.82084690553745,59.5505617977528,600.0,1891568.0
600.0,1.048841581,5.0743751788141E-7,600.0,82.33333333333334,64.66666666666667,65.47231270358306,60.2996254681648,600.0,1891624.0
600.0,1.081706268,5.233377029039463E-7,600.0,81.33333333333333,62.66666666666667,63.51791530944625,58.052434456928836,600.0,1891624.0
600.0,1.013103528,4.90577005174309E-7,600.0,49.166666666666664,-1.6666666666666718,0.6514657980455959,-14.232209737827734,600.0,1891568.0
600.0,0.939277854,4.630452742651105E-7,600.0,82.16666666666667,64.33333333333333,65.14657980456026,59.92509363295879,600.0,1925384.0
600.0,1.207876037,5.949463642012224E-7,600.0,82.33333333333334,64.66666666666667,65.47231270358306,60.2996254681648,600.0,1925440.0
600.0,1.127355945,5.552857247704329E-7,600.0,82.16666666666667,64.33333333333333,65.14657980456026,59.92509363295879,600.0,1925440.0
600.0,0.978601677,4.824311357848347E-7,600.0,82.33333333333334,64.66666666666667,65.47231270358306,60.2996254681648,600.0,1925384.0
600.0,0.996855581,4.914299468907217E-7,600.0,82.16666666666667,64.33333333333333,65.14657980456026,59.92509363295879,600.0,1925384.0
600.0,1.003795822,4.944254678506197E-7,600.0,82.5,64.99999999999999,65.79804560260585,60.67415730337077,600.0,1925440.0
600.0,1.103906967,5.442041480280459E-7,600.0,82.83333333333334,65.66666666666667,66.44951140065146,61.423220973782776,600.0,1925384.0
600.0,1.104817668,5.44184365404273E-7,600.0,82.5,64.99999999999999,65.79804560260585,60.67415730337077,600.0,1925440.0
600.0,0.99823442,4.916861669634365E-7,600.0,82.5,64.99999999999999,65.79804560260585,60.67415730337077,600.0,1925440.0
600.0,1.044458246,5.148971126253406E-7,600.0,80.66666666666666,61.33333333333333,62.21498371335503,56.554307116104866,600.0,1925384.0
600.0,1.101777498,5.426869119962677E-7,600.0,48.5,-3.0000000000000027,-0.6514657980456067,-15.7303370786517,600.0,1925440.0
600.0,1.078331482,5.416431512773948E-7,600.0,83.0,65.99999999999999,66.77524429967426,61.79775280898875,600.0,1963096.0
600.0,1.165819304,5.855880609804722E-7,600.0,82.66666666666667,65.33333333333333,66.12377850162866,61.048689138576776,600.0,1963096.0
600.0,1.033477624,5.191131728805768E-7,600.0,82.66666666666667,65.33333333333333,66.12377850162866,61.048689138576776,600.0,1963096.0
600.0,1.113496028,5.597786350246021E-7,600.0,82.5,64.99999999999999,65.79804560260585,60.67415730337077,600.0,1963040.0
600.0,1.057568111,5.314610916551305E-7,600.0,82.16666666666667,64.33333333333333,65.14657980456026,59.92509363295879,600.0,1964000.0
600.0,1.091604028,5.483099172588355E-7,600.0,82.83333333333334,65.66666666666667,66.44951140065146,61.423220973782776,600.0,1963096.0
600.0,0.932924506,4.6860559834211235E-7,600.0,83.0,65.99999999999999,66.77524429967426,61.79775280898875,600.0,1963096.0
600.0,1.355380246,6.808040383472459E-7,600.0,83.16666666666667,66.33333333333333,67.10097719869707,62.172284644194754,600.0,1963096.0
600.0,0.978343996,4.914196922489173E-7,600.0,82.66666666666667,65.33333333333333,66.12377850162866,61.048689138576776,600.0,1963096.0
600.0,1.125217613,5.6519393521532E-7,600.0,81.5,62.999999999999986,63.84364820846904,58.42696629213482,600.0,1963096.0
600.0,1.16830223,5.868352283733173E-7,600.0,48.833333333333336,-2.3333333333333317,0.0,-14.981273408239712,600.0,1963096.0
600.0,1.266041199,6.483752420688421E-7,600.0,82.33333333333334,64.66666666666667,65.47231270358306,60.2996254681648,600.0,2001096.0
600.0,0.938177048,4.80864845167713E-7,600.0,83.0,65.99999999999999,66.77524429967426,61.79775280898875,600.0,2001040.0
600.0,1.045402968,5.358237418159346E-7,600.0,82.83333333333334,65.66666666666667,66.44951140065146,61.423220973782776,600.0,2001040.0
600.0,1.105223438,5.660159517079095E-7,600.0,82.5,64.99999999999999,65.79804560260585,60.67415730337077,600.0,2001096.0
600.0,1.221267716,6.254454844106237E-7,600.0,82.0,63.99999999999999,64.82084690553745,59.5505617977528,600.0,2001096.0
600.0,1.171592958,6.000056462217867E-7,600.0,82.16666666666667,64.33333333333333,65.14657980456026,59.92509363295879,600.0,2001096.0
600.0,1.145764073,5.867779490682732E-7,600.0,82.5,64.99999999999999,65.79804560260585,60.67415730337077,600.0,2001096.0
600.0,1.116419465,5.722234138256663E-7,600.0,82.33333333333334,64.66666666666667,65.47231270358306,60.2996254681648,600.0,2001040.0
600.0,1.132871076,5.806721377837658E-7,600.0,82.33333333333334,64.66666666666667,65.47231270358306,60.2996254681648,600.0,2001096.0
600.0,1.185144321,6.074656693391997E-7,600.0,81.83333333333334,63.66666666666667,64.49511400651465,59.176029962546814,600.0,2001096.0
600.0,1.415997023,7.25772593429335E-7,600.0,49.333333333333336,-1.3333333333333308,0.9771986970684047,-13.857677902621731,600.0,2001040.0
600.0,1.035110727,5.352892754713073E-7,600.0,82.16666666666667,64.33333333333333,65.14657980456026,59.92509363295879,600.0,2018744.0
600.0,1.006566221,5.201009320839516E-7,600.0,82.16666666666667,64.33333333333333,65.14657980456026,59.92509363295879,600.0,2018800.0
600.0,1.202874235,6.220452179086084E-7,600.0,82.16666666666667,64.33333333333333,65.14657980456026,59.92509363295879,600.0,2018744.0
600.0,1.040069581,5.378687271880131E-7,600.0,82.33333333333334,64.66666666666667,65.47231270358306,60.2996254681648,600.0,2018800.0
600.0,1.059618791,5.475136253879611E-7,600.0,82.33333333333334,64.66666666666667,65.47231270358306,60.2996254681648,600.0,2018800.0
600.0,1.1591486,5.989414851263994E-7,600.0,82.5,64.99999999999999,65.79804560260585,60.67415730337077,600.0,2018800.0
600.0,1.075244862,5.555877430389946E-7,600.0,83.16666666666667,66.33333333333333,67.10097719869707,62.172284644194754,600.0,2018800.0
600.0,1.033201848,5.338637766343852E-7,600.0,82.66666666666667,65.33333333333333,66.12377850162866,61.048689138576776,600.0,2018800.0
600.0,1.157805691,5.982475931518505E-7,600.0,82.83333333333334,65.66666666666667,66.44951140065146,61.423220973782776,600.0,2018800.0
600.0,1.147068494,5.926995963572422E-7,600.0,82.16666666666667,64.33333333333333,65.14657980456026,59.92509363295879,600.0,2018800.0
600.0,1.004716493,5.191451626205713E-7,600.0,49.333333333333336,-1.3333333333333308,0.9771986970684047,-13.857677902621731,600.0,2018800.0
600.0,1.354170004,7.270864038163837E-7,600.0,82.33333333333334,64.66666666666667,65.47231270358306,60.2996254681648,600.0,2096944.0
600.0,1.293437115,6.950262223357334E-7,600.0,82.66666666666667,65.33333333333333,66.12377850162866,61.048689138576776,600.0,2096888.0
600.0,1.385076686,7.442886550734233E-7,600.0,82.66666666666667,65.33333333333333,66.12377850162866,61.048689138576776,600.0,2096944.0
600.0,1.419593835,7.628368861322912E-7,600.0,83.0,65.99999999999999,66.77524429967426,61.79775280898875,600.0,2096944.0
600.0,1.054348027,5.661047823079159E-7,600.0,82.66666666666667,65.33333333333333,66.12377850162866,61.048689138576776,600.0,2096944.0
600.0,1.319022048,7.087933513293662E-7,600.0,83.33333333333334,66.66666666666667,67.42671009771986,62.54681647940076,600.0,2096944.0
600.0,1.067070855,5.72935974277587E-7,600.0,83.0,65.99999999999999,66.77524429967426,61.79775280898875,600.0,2096944.0
600.0,1.137419232,6.111902796518803E-7,600.0,82.5,64.99999999999999,65.79804560260585,60.67415730337077,600.0,2096888.0
600.0,1.158373853,6.224502094197894E-7,600.0,82.5,64.99999999999999,65.79804560260585,60.67415730337077,600.0,2096888.0
600.0,1.412619008,7.584690780740314E-7,600.0,81.83333333333334,63.66666666666667,64.49511400651465,59.176029962546814,600.0,2096944.0
600.0,1.199966083,6.442906144818892E-7,600.0,49.333333333333336,-1.3333333333333308,0.9771986970684047,-13.857677902621731,600.0,2096944.0
600.0,0.845018774,4.520582094244493E-7,600.0,82.0,63.99999999999999,64.82084690553745,59.5505617977528,600.0,2089384.0
600.0,1.209808095,6.472089118021231E-7,600.0,81.66666666666667,63.33333333333333,64.16938110749184,58.801498127340814,600.0,2089384.0
600.0,1.107111895,5.922697060529557E-7,600.0,81.33333333333333,62.66666666666667,63.51791530944625,58.052434456928836,600.0,2089384.0
600.0,1.135009887,6.071942458360891E-7,600.0,81.33333333333333,62.66666666666667,63.51791530944625,58.052434456928836,600.0,2089384.0
600.0,0.933038256,4.991458371218046E-7,600.0,81.16666666666667,62.33333333333333,63.192182410423435,57.67790262172284,600.0,2089384.0
600.0,0.920576864,4.924793881294463E-7,600.0,81.66666666666667,63.33333333333333,64.16938110749184,58.801498127340814,600.0,2089384.0
600.0,1.136957732,6.08718657171304E-7,600.0,81.33333333333333,62.66666666666667,63.51791530944625,58.052434456928836,600.0,2089328.0
600.0,1.002743146,5.368611727079128E-7,600.0,81.66666666666667,63.33333333333333,64.16938110749184,58.801498127340814,600.0,2089328.0
600.0,1.024473431,5.484954045996133E-7,600.0,81.66666666666667,63.33333333333333,64.16938110749184,58.801498127340814,600.0,2089328.0
600.0,1.040880051,5.568377727909386E-7,600.0,80.83333333333333,61.66666666666667,62.54071661237784,56.92883895131086,600.0,2089384.0
600.0,1.038469536,5.559888144260646E-7,600.0,49.333333333333336,-1.3333333333333308,0.9771986970684047,-13.857677902621731,600.0,2089328.0
600.0,1.289313265,7.099972504665765E-7,600.0,81.83333333333334,63.66666666666667,64.49511400651465,59.176029962546814,600.0,2150112.0
600.0,1.308208293,7.209573708748073E-7,600.0,81.66666666666667,63.33333333333333,64.16938110749184,58.801498127340814,600.0,2150056.0
600.0,1.368929766,7.538403554250672E-7,600.0,81.66666666666667,63.33333333333333,64.16938110749184,58.801498127340814,600.0,2150112.0
600.0,1.300988326,7.164264569550629E-7,600.0,81.66666666666667,63.33333333333333,64.16938110749184,58.801498127340814,600.0,2150112.0
600.0,1.514130894,8.344231094596534E-7,600.0,81.66666666666667,63.33333333333333,64.16938110749184,58.801498127340814,600.0,2150008.0
600.0,1.440511363,7.932588105310934E-7,600.0,81.5,62.999999999999986,63.84364820846904,58.42696629213482,600.0,2150112.0
600.0,1.280757363,7.052856981540658E-7,600.0,81.66666666666667,63.33333333333333,64.16938110749184,58.801498127340814,600.0,2150112.0
600.0,1.356122204,7.473628656937348E-7,600.0,81.66666666666667,63.33333333333333,64.16938110749184,58.801498127340814,600.0,2150056.0
600.0,1.148838903,6.331284394828229E-7,600.0,81.5,62.999999999999986,63.84364820846904,58.42696629213482,600.0,2150056.0
600.0,1.367778975,7.537869458788386E-7,600.0,81.0,62.000000000000014,62.86644951140066,57.30337078651686,600.0,2150056.0
600.0,1.244185148,6.851461612406125E-7,600.0,49.333333333333336,-1.3333333333333308,0.9771986970684047,-13.857677902621731,600.0,2150112.0
